sample_id,point_id,trajectory_id,step_id,replicate_id,simulation_seed,status,flags,error_class,error_message,runtime_ms
"T0000_S002_R000","T0000_S002",0,2,0,-6455802252701332792,"EXTINCT","TUMOR_EXTINCT;INVALID_DENOMINATOR","","",4252
"T0000_S003_R000","T0000_S003",0,3,0,-6455802252701332792,"EXTINCT","TUMOR_EXTINCT;INVALID_DENOMINATOR","","",4473
"T0000_S004_R000","T0000_S004",0,4,0,-6455802252701332792,"EXTINCT","TUMOR_EXTINCT;INVALID_DENOMINATOR","","",8357
"T0000_S005_R000","T0000_S005",0,5,0,-6455802252701332792,"EXTINCT","TUMOR_EXTINCT;INVALID_DENOMINATOR","","",8314
"T0000_S007_R000","T0000_S007",0,7,0,-6455802252701332792,"EXTINCT","TUMOR_EXTINCT;INVALID_DENOMINATOR","","",8204
"T0000_S008_R000","T0000_S008",0,8,0,-6455802252701332792,"EXTINCT","TUMOR_EXTINCT;INVALID_DENOMINATOR","","",8775
"T0000_S009_R000","T0000_S009",0,9,0,-6455802252701332792,"EXTINCT","TUMOR_EXTINCT;INVALID_DENOMINATOR","","",8704
"T0000_S010_R000","T0000_S010",0,10,0,-6455802252701332792,"EXTINCT","TUMOR_EXTINCT;INVALID_DENOMINATOR","","",9097
"T0000_S014_R000","T0000_S014",0,14,0,-6455802252701332792,"INVALID","EC_POPULATION_ZERO;INVALID_DENOMINATOR","","",10679
"T0000_S017_R000","T0000_S017",0,17,0,-6455802252701332792,"INVALID","EC_POPULATION_ZERO;INVALID_DENOMINATOR","","",11156
"T0000_S019_R000","T0000_S019",0,19,0,-6455802252701332792,"INVALID","EC_POPULATION_ZERO;INVALID_DENOMINATOR","","",11163
"T0000_S020_R000","T0000_S020",0,20,0,-6455802252701332792,"INVALID","EC_POPULATION_ZERO;INVALID_DENOMINATOR","","",11543
"T0000_S021_R000","T0000_S021",0,21,0,-6455802252701332792,"INVALID","EC_POPULATION_ZERO;INVALID_DENOMINATOR","","",11600
"T0000_S022_R000","T0000_S022",0,22,0,-6455802252701332792,"INVALID","EC_POPULATION_ZERO;INVALID_DENOMINATOR","","",11125
"T0000_S023_R000","T0000_S023",0,23,0,-6455802252701332792,"INVALID","EC_POPULATION_ZERO;INVALID_DENOMINATOR","","",11549
"T0000_S024_R000","T0000_S024",0,24,0,-6455802252701332792,"INVALID","EC_POPULATION_ZERO;INVALID_DENOMINATOR","","",11123
"T0000_S025_R000","T0000_S025",0,25,0,-6455802252701332792,"INVALID","EC_POPULATION_ZERO;INVALID_DENOMINATOR","","",11489
"T0000_S026_R000","T0000_S026",0,26,0,-6455802252701332792,"INVALID","EC_POPULATION_ZERO;INVALID_DENOMINATOR","","",11808
"T0000_S028_R000","T0000_S028",0,28,0,-6455802252701332792,"INVALID","EC_POPULATION_ZERO;INVALID_DENOMINATOR","","",11193
"T0000_S029_R000","T0000_S029",0,29,0,-6455802252701332792,"INVALID","EC_POPULATION_ZERO;INVALID_DENOMINATOR","","",11471
"T0000_S030_R000","T0000_S030",0,30,0,-6455802252701332792,"INVALID","EC_POPULATION_ZERO;INVALID_DENOMINATOR","","",12281
"T0000_S031_R000","T0000_S031",0,31,0,-6455802252701332792,"INVALID","EC_POPULATION_ZERO;INVALID_DENOMINATOR","","",12723
"T0000_S032_R000","T0000_S032",0,32,0,-6455802252701332792,"INVALID","EC_POPULATION_ZERO;INVALID_DENOMINATOR","","",11945
"T0000_S033_R000","T0000_S033",0,33,0,-6455802252701332792,"INVALID","EC_POPULATION_ZERO;INVALID_DENOMINATOR","","",11186
"T0000_S036_R000","T0000_S036",0,36,0,-6455802252701332792,"INVALID","EC_POPULATION_ZERO;INVALID_DENOMINATOR","","",11726
"T0000_S037_R000","T0000_S037",0,37,0,-6455802252701332792,"INVALID","EC_POPULATION_ZERO;INVALID_DENOMINATOR","","",11703
"T0000_S039_R000","T0000_S039",0,39,0,-6455802252701332792,"INVALID","EC_POPULATION_ZERO;INVALID_DENOMINATOR","","",11798
"T0000_S040_R000","T0000_S040",0,40,0,-6455802252701332792,"INVALID","EC_POPULATION_ZERO;INVALID_DENOMINATOR","","",12049
"T0001_S004_R000","T0001_S004",1,4,0,-918591818168106033,"INVALID","EC_POPULATION_ZERO;INVALID_DENOMINATOR","","",2356
"T0001_S007_R000","T0001_S007",1,7,0,-918591818168106033,"INVALID","MACROPHAGE_POPULATION_ZERO;INVALID_DENOMINATOR","","",2130
"T0001_S008_R000","T0001_S008",1,8,0,-918591818168106033,"INVALID","EC_POPULATION_ZERO;INVALID_DENOMINATOR","","",2701
"T0001_S010_R000","T0001_S010",1,10,0,-918591818168106033,"INVALID","EC_POPULATION_ZERO;INVALID_DENOMINATOR","","",2447
"T0001_S011_R000","T0001_S011",1,11,0,-918591818168106033,"INVALID","MACROPHAGE_POPULATION_ZERO;INVALID_DENOMINATOR","","",2363
"T0001_S016_R000","T0001_S016",1,16,0,-918591818168106033,"INVALID","EC_POPULATION_ZERO;INVALID_DENOMINATOR","","",834
"T0001_S017_R000","T0001_S017",1,17,0,-918591818168106033,"INVALID","EC_POPULATION_ZERO;INVALID_DENOMINATOR","","",1198
"T0001_S020_R000","T0001_S020",1,20,0,-918591818168106033,"INVALID","EC_POPULATION_ZERO;INVALID_DENOMINATOR","","",1581
"T0001_S021_R000","T0001_S021",1,21,0,-918591818168106033,"INVALID","EC_POPULATION_ZERO;INVALID_DENOMINATOR","","",1571
"T0001_S023_R000","T0001_S023",1,23,0,-918591818168106033,"INVALID","EC_POPULATION_ZERO;INVALID_DENOMINATOR","","",1137
"T0001_S024_R000","T0001_S024",1,24,0,-918591818168106033,"INVALID","EC_POPULATION_ZERO;INVALID_DENOMINATOR","","",1663
"T0001_S026_R000","T0001_S026",1,26,0,-918591818168106033,"INVALID","EC_POPULATION_ZERO;INVALID_DENOMINATOR","","",2479
"T0001_S028_R000","T0001_S028",1,28,0,-918591818168106033,"INVALID","EC_POPULATION_ZERO;INVALID_DENOMINATOR","","",2974
"T0001_S031_R000","T0001_S031",1,31,0,-918591818168106033,"INVALID","EC_POPULATION_ZERO;INVALID_DENOMINATOR","","",3763
"T0001_S032_R000","T0001_S032",1,32,0,-918591818168106033,"INVALID","EC_POPULATION_ZERO;INVALID_DENOMINATOR","","",3227
"T0001_S033_R000","T0001_S033",1,33,0,-918591818168106033,"INVALID","EC_POPULATION_ZERO;INVALID_DENOMINATOR","","",3637
"T0001_S034_R000","T0001_S034",1,34,0,-918591818168106033,"INVALID","EC_POPULATION_ZERO;INVALID_DENOMINATOR","","",3435
"T0001_S035_R000","T0001_S035",1,35,0,-918591818168106033,"INVALID","EC_POPULATION_ZERO;INVALID_DENOMINATOR","","",3204
"T0001_S037_R000","T0001_S037",1,37,0,-918591818168106033,"INVALID","EC_POPULATION_ZERO;INVALID_DENOMINATOR","","",3374
"T0001_S040_R000","T0001_S040",1,40,0,-918591818168106033,"INVALID","EC_POPULATION_ZERO;INVALID_DENOMINATOR","","",4003
"T0001_S041_R000","T0001_S041",1,41,0,-918591818168106033,"EXTINCT","TUMOR_EXTINCT;EC_POPULATION_ZERO;INVALID_DENOMINATOR","","",4651
"T0001_S042_R000","T0001_S042",1,42,0,-918591818168106033,"INVALID","EC_POPULATION_ZERO;INVALID_DENOMINATOR","","",5135
"T0001_S043_R000","T0001_S043",1,43,0,-918591818168106033,"INVALID","EC_POPULATION_ZERO;INVALID_DENOMINATOR","","",5788
"T0001_S044_R000","T0001_S044",1,44,0,-918591818168106033,"INVALID","EC_POPULATION_ZERO;INVALID_DENOMINATOR","","",5874
"T0001_S045_R000","T0001_S045",1,45,0,-918591818168106033,"EXTINCT","TUMOR_EXTINCT;EC_POPULATION_ZERO;INVALID_DENOMINATOR","","",5988
"T0002_S000_R000","T0002_S000",2,0,0,-8992551566662092893,"EXTINCT","TUMOR_EXTINCT;EC_POPULATION_ZERO;INVALID_DENOMINATOR","","",2206
"T0002_S001_R000","T0002_S001",2,1,0,-8992551566662092893,"INVALID","EC_POPULATION_ZERO;INVALID_DENOMINATOR","","",1148
"T0002_S002_R000","T0002_S002",2,2,0,-8992551566662092893,"EXTINCT","TUMOR_EXTINCT;EC_POPULATION_ZERO;INVALID_DENOMINATOR","","",1553
"T0002_S003_R000","T0002_S003",2,3,0,-8992551566662092893,"INVALID","EC_POPULATION_ZERO;INVALID_DENOMINATOR","","",1786
"T0002_S004_R000","T0002_S004",2,4,0,-8992551566662092893,"EXTINCT","TUMOR_EXTINCT;EC_POPULATION_ZERO;INVALID_DENOMINATOR","","",1517
"T0002_S005_R000","T0002_S005",2,5,0,-8992551566662092893,"INVALID","EC_POPULATION_ZERO;INVALID_DENOMINATOR","","",1461
"T0002_S006_R000","T0002_S006",2,6,0,-8992551566662092893,"INVALID","EC_POPULATION_ZERO;INVALID_DENOMINATOR","","",1481
"T0002_S007_R000","T0002_S007",2,7,0,-8992551566662092893,"INVALID","EC_POPULATION_ZERO;MACROPHAGE_POPULATION_ZERO;INVALID_DENOMINATOR","","",986
"T0002_S008_R000","T0002_S008",2,8,0,-8992551566662092893,"EXTINCT","TUMOR_EXTINCT;INVALID_DENOMINATOR","","",339
"T0002_S009_R000","T0002_S009",2,9,0,-8992551566662092893,"EXTINCT","TUMOR_EXTINCT;INVALID_DENOMINATOR","","",2065
"T0002_S010_R000","T0002_S010",2,10,0,-8992551566662092893,"EXTINCT","TUMOR_EXTINCT;INVALID_DENOMINATOR","","",1913
"T0002_S011_R000","T0002_S011",2,11,0,-8992551566662092893,"EXTINCT","TUMOR_EXTINCT;EC_POPULATION_ZERO;INVALID_DENOMINATOR","","",2472
"T0002_S012_R000","T0002_S012",2,12,0,-8992551566662092893,"EXTINCT","TUMOR_EXTINCT;EC_POPULATION_ZERO;INVALID_DENOMINATOR","","",2364
"T0002_S013_R000","T0002_S013",2,13,0,-8992551566662092893,"INVALID","EC_POPULATION_ZERO;INVALID_DENOMINATOR","","",2524
"T0002_S014_R000","T0002_S014",2,14,0,-8992551566662092893,"INVALID","EC_POPULATION_ZERO;INVALID_DENOMINATOR","","",2627
"T0002_S015_R000","T0002_S015",2,15,0,-8992551566662092893,"EXTINCT","TUMOR_EXTINCT;EC_POPULATION_ZERO;INVALID_DENOMINATOR","","",1983
"T0002_S021_R000","T0002_S021",2,21,0,-8992551566662092893,"EXTINCT","TUMOR_EXTINCT;INVALID_DENOMINATOR","","",7903
"T0002_S022_R000","T0002_S022",2,22,0,-8992551566662092893,"EXTINCT","TUMOR_EXTINCT;INVALID_DENOMINATOR","","",7871
"T0002_S023_R000","T0002_S023",2,23,0,-8992551566662092893,"EXTINCT","TUMOR_EXTINCT;INVALID_DENOMINATOR","","",7938
"T0002_S024_R000","T0002_S024",2,24,0,-8992551566662092893,"EXTINCT","TUMOR_EXTINCT;INVALID_DENOMINATOR","","",7833
"T0002_S025_R000","T0002_S025",2,25,0,-8992551566662092893,"EXTINCT","TUMOR_EXTINCT;INVALID_DENOMINATOR","","",8281
"T0002_S026_R000","T0002_S026",2,26,0,-8992551566662092893,"EXTINCT","TUMOR_EXTINCT;INVALID_DENOMINATOR","","",8272
"T0002_S027_R000","T0002_S027",2,27,0,-8992551566662092893,"EXTINCT","TUMOR_EXTINCT;INVALID_DENOMINATOR","","",2898
"T0002_S028_R000","T0002_S028",2,28,0,-8992551566662092893,"EXTINCT","TUMOR_EXTINCT;INVALID_DENOMINATOR","","",2934
"T0002_S029_R000","T0002_S029",2,29,0,-8992551566662092893,"EXTINCT","TUMOR_EXTINCT;INVALID_DENOMINATOR","","",2948
"T0002_S033_R000","T0002_S033",2,33,0,-8992551566662092893,"EXTINCT","TUMOR_EXTINCT;INVALID_DENOMINATOR","","",3032
"T0002_S034_R000","T0002_S034",2,34,0,-8992551566662092893,"EXTINCT","TUMOR_EXTINCT;INVALID_DENOMINATOR","","",2881
"T0002_S035_R000","T0002_S035",2,35,0,-8992551566662092893,"EXTINCT","TUMOR_EXTINCT;INVALID_DENOMINATOR","","",2914
"T0002_S036_R000","T0002_S036",2,36,0,-8992551566662092893,"EXTINCT","TUMOR_EXTINCT;INVALID_DENOMINATOR","","",2887
"T0002_S037_R000","T0002_S037",2,37,0,-8992551566662092893,"EXTINCT","TUMOR_EXTINCT;INVALID_DENOMINATOR","","",2777
"T0002_S038_R000","T0002_S038",2,38,0,-8992551566662092893,"EXTINCT","TUMOR_EXTINCT;INVALID_DENOMINATOR","","",2829
"T0002_S039_R000","T0002_S039",2,39,0,-8992551566662092893,"EXTINCT","TUMOR_EXTINCT;INVALID_DENOMINATOR","","",2885
"T0002_S041_R000","T0002_S041",2,41,0,-8992551566662092893,"EXTINCT","TUMOR_EXTINCT;INVALID_DENOMINATOR","","",2886
"T0003_S000_R000","T0003_S000",3,0,0,1158854571926757710,"INVALID","EC_POPULATION_ZERO;INVALID_DENOMINATOR","","",6697
"T0003_S001_R000","T0003_S001",3,1,0,1158854571926757710,"INVALID","EC_POPULATION_ZERO;INVALID_DENOMINATOR","","",6626
"T0003_S002_R000","T0003_S002",3,2,0,1158854571926757710,"INVALID","EC_POPULATION_ZERO;INVALID_DENOMINATOR","","",5396
"T0003_S003_R000","T0003_S003",3,3,0,1158854571926757710,"INVALID","EC_POPULATION_ZERO;INVALID_DENOMINATOR","","",2103
"T0003_S005_R000","T0003_S005",3,5,0,1158854571926757710,"INVALID","EC_POPULATION_ZERO;INVALID_DENOMINATOR","","",1516
"T0003_S006_R000","T0003_S006",3,6,0,1158854571926757710,"INVALID","EC_POPULATION_ZERO;INVALID_DENOMINATOR","","",1521
"T0003_S007_R000","T0003_S007",3,7,0,1158854571926757710,"INVALID","EC_POPULATION_ZERO;INVALID_DENOMINATOR","","",913
"T0003_S008_R000","T0003_S008",3,8,0,1158854571926757710,"INVALID","EC_POPULATION_ZERO;MACROPHAGE_POPULATION_ZERO;INVALID_DENOMINATOR","","",777
"T0003_S009_R000","T0003_S009",3,9,0,1158854571926757710,"INVALID","MACROPHAGE_POPULATION_ZERO;INVALID_DENOMINATOR","","",1052
"T0003_S011_R000","T0003_S011",3,11,0,1158854571926757710,"INVALID","EC_POPULATION_ZERO;MACROPHAGE_POPULATION_ZERO;INVALID_DENOMINATOR","","",939
"T0003_S013_R000","T0003_S013",3,13,0,1158854571926757710,"INVALID","EC_POPULATION_ZERO;INVALID_DENOMINATOR","","",1268
"T0003_S014_R000","T0003_S014",3,14,0,1158854571926757710,"EXTINCT","TUMOR_EXTINCT;EC_POPULATION_ZERO;INVALID_DENOMINATOR","","",7412
"T0003_S015_R000","T0003_S015",3,15,0,1158854571926757710,"EXTINCT","TUMOR_EXTINCT;EC_POPULATION_ZERO;INVALID_DENOMINATOR","","",6534
"T0003_S016_R000","T0003_S016",3,16,0,1158854571926757710,"EXTINCT","TUMOR_EXTINCT;EC_POPULATION_ZERO;INVALID_DENOMINATOR","","",7363
"T0003_S017_R000","T0003_S017",3,17,0,1158854571926757710,"EXTINCT","TUMOR_EXTINCT;INVALID_DENOMINATOR","","",4745
"T0003_S018_R000","T0003_S018",3,18,0,1158854571926757710,"EXTINCT","TUMOR_EXTINCT;EC_POPULATION_ZERO;INVALID_DENOMINATOR","","",8953
"T0003_S019_R000","T0003_S019",3,19,0,1158854571926757710,"EXTINCT","TUMOR_EXTINCT;EC_POPULATION_ZERO;INVALID_DENOMINATOR","","",8868
"T0003_S020_R000","T0003_S020",3,20,0,1158854571926757710,"EXTINCT","TUMOR_EXTINCT;EC_POPULATION_ZERO;INVALID_DENOMINATOR","","",8921
"T0003_S021_R000","T0003_S021",3,21,0,1158854571926757710,"EXTINCT","TUMOR_EXTINCT;EC_POPULATION_ZERO;INVALID_DENOMINATOR","","",7231
"T0003_S022_R000","T0003_S022",3,22,0,1158854571926757710,"EXTINCT","TUMOR_EXTINCT;INVALID_DENOMINATOR","","",5694
"T0003_S023_R000","T0003_S023",3,23,0,1158854571926757710,"EXTINCT","TUMOR_EXTINCT;EC_POPULATION_ZERO;INVALID_DENOMINATOR","","",7712
"T0003_S024_R000","T0003_S024",3,24,0,1158854571926757710,"EXTINCT","TUMOR_EXTINCT;INVALID_DENOMINATOR","","",8596
"T0003_S025_R000","T0003_S025",3,25,0,1158854571926757710,"EXTINCT","TUMOR_EXTINCT;INVALID_DENOMINATOR","","",6581
"T0003_S026_R000","T0003_S026",3,26,0,1158854571926757710,"EXTINCT","TUMOR_EXTINCT;INVALID_DENOMINATOR","","",1128
"T0003_S027_R000","T0003_S027",3,27,0,1158854571926757710,"EXTINCT","TUMOR_EXTINCT;INVALID_DENOMINATOR","","",951
"T0003_S028_R000","T0003_S028",3,28,0,1158854571926757710,"EXTINCT","TUMOR_EXTINCT;INVALID_DENOMINATOR","","",1110
"T0003_S029_R000","T0003_S029",3,29,0,1158854571926757710,"EXTINCT","TUMOR_EXTINCT;INVALID_DENOMINATOR","","",1082
"T0003_S030_R000","T0003_S030",3,30,0,1158854571926757710,"EXTINCT","TUMOR_EXTINCT;INVALID_DENOMINATOR","","",1022
"T0003_S031_R000","T0003_S031",3,31,0,1158854571926757710,"EXTINCT","TUMOR_EXTINCT;INVALID_DENOMINATOR","","",1161
"T0003_S032_R000","T0003_S032",3,32,0,1158854571926757710,"EXTINCT","TUMOR_EXTINCT;INVALID_DENOMINATOR","","",1098
"T0003_S037_R000","T0003_S037",3,37,0,1158854571926757710,"EXTINCT","TUMOR_EXTINCT;INVALID_DENOMINATOR","","",1292
"T0003_S038_R000","T0003_S038",3,38,0,1158854571926757710,"EXTINCT","TUMOR_EXTINCT;INVALID_DENOMINATOR","","",1305
"T0003_S039_R000","T0003_S039",3,39,0,1158854571926757710,"EXTINCT","TUMOR_EXTINCT;INVALID_DENOMINATOR","","",2594
"T0003_S040_R000","T0003_S040",3,40,0,1158854571926757710,"EXTINCT","TUMOR_EXTINCT;INVALID_DENOMINATOR","","",2710
"T0003_S042_R000","T0003_S042",3,42,0,1158854571926757710,"EXTINCT","TUMOR_EXTINCT;INVALID_DENOMINATOR","","",2001
"T0003_S043_R000","T0003_S043",3,43,0,1158854571926757710,"EXTINCT","TUMOR_EXTINCT;INVALID_DENOMINATOR","","",2218
"T0003_S044_R000","T0003_S044",3,44,0,1158854571926757710,"EXTINCT","TUMOR_EXTINCT;INVALID_DENOMINATOR","","",1692
"T0003_S045_R000","T0003_S045",3,45,0,1158854571926757710,"EXTINCT","TUMOR_EXTINCT;INVALID_DENOMINATOR","","",1693
"T0004_S011_R000","T0004_S011",4,11,0,-5062125743834831953,"INVALID","EC_POPULATION_ZERO;INVALID_DENOMINATOR","","",4958
"T0004_S013_R000","T0004_S013",4,13,0,-5062125743834831953,"INVALID","EC_POPULATION_ZERO;INVALID_DENOMINATOR","","",7840
"T0004_S015_R000","T0004_S015",4,15,0,-5062125743834831953,"INVALID","EC_POPULATION_ZERO;INVALID_DENOMINATOR","","",8092
"T0004_S017_R000","T0004_S017",4,17,0,-5062125743834831953,"INVALID","EC_POPULATION_ZERO;INVALID_DENOMINATOR","","",4512
"T0004_S018_R000","T0004_S018",4,18,0,-5062125743834831953,"INVALID","EC_POPULATION_ZERO;INVALID_DENOMINATOR","","",4860
"T0004_S019_R000","T0004_S019",4,19,0,-5062125743834831953,"INVALID","EC_POPULATION_ZERO;INVALID_DENOMINATOR","","",5075
"T0004_S020_R000","T0004_S020",4,20,0,-5062125743834831953,"INVALID","EC_POPULATION_ZERO;INVALID_DENOMINATOR","","",5717
"T0004_S021_R000","T0004_S021",4,21,0,-5062125743834831953,"INVALID","EC_POPULATION_ZERO;INVALID_DENOMINATOR","","",5989
"T0004_S024_R000","T0004_S024",4,24,0,-5062125743834831953,"INVALID","EC_POPULATION_ZERO;INVALID_DENOMINATOR","","",5158
"T0004_S027_R000","T0004_S027",4,27,0,-5062125743834831953,"INVALID","EC_POPULATION_ZERO;INVALID_DENOMINATOR","","",6092
"T0004_S028_R000","T0004_S028",4,28,0,-5062125743834831953,"INVALID","EC_POPULATION_ZERO;INVALID_DENOMINATOR","","",6046
"T0004_S029_R000","T0004_S029",4,29,0,-5062125743834831953,"INVALID","EC_POPULATION_ZERO;INVALID_DENOMINATOR","","",5107
"T0004_S030_R000","T0004_S030",4,30,0,-5062125743834831953,"INVALID","EC_POPULATION_ZERO;INVALID_DENOMINATOR","","",5324
"T0004_S031_R000","T0004_S031",4,31,0,-5062125743834831953,"EXTINCT","TUMOR_EXTINCT;EC_POPULATION_ZERO;INVALID_DENOMINATOR","","",4889
"T0004_S032_R000","T0004_S032",4,32,0,-5062125743834831953,"EXTINCT","TUMOR_EXTINCT;EC_POPULATION_ZERO;INVALID_DENOMINATOR","","",4899
"T0004_S033_R000","T0004_S033",4,33,0,-5062125743834831953,"EXTINCT","TUMOR_EXTINCT;EC_POPULATION_ZERO;INVALID_DENOMINATOR","","",4913
"T0004_S034_R000","T0004_S034",4,34,0,-5062125743834831953,"EXTINCT","TUMOR_EXTINCT;EC_POPULATION_ZERO;INVALID_DENOMINATOR","","",4462
"T0004_S035_R000","T0004_S035",4,35,0,-5062125743834831953,"EXTINCT","TUMOR_EXTINCT;EC_POPULATION_ZERO;INVALID_DENOMINATOR","","",4328
"T0004_S036_R000","T0004_S036",4,36,0,-5062125743834831953,"EXTINCT","TUMOR_EXTINCT;EC_POPULATION_ZERO;INVALID_DENOMINATOR","","",4561
"T0004_S037_R000","T0004_S037",4,37,0,-5062125743834831953,"EXTINCT","TUMOR_EXTINCT;EC_POPULATION_ZERO;INVALID_DENOMINATOR","","",4483
"T0004_S038_R000","T0004_S038",4,38,0,-5062125743834831953,"EXTINCT","TUMOR_EXTINCT;EC_POPULATION_ZERO;INVALID_DENOMINATOR","","",4654
"T0004_S039_R000","T0004_S039",4,39,0,-5062125743834831953,"EXTINCT","TUMOR_EXTINCT;EC_POPULATION_ZERO;INVALID_DENOMINATOR","","",4322
"T0004_S040_R000","T0004_S040",4,40,0,-5062125743834831953,"EXTINCT","TUMOR_EXTINCT;EC_POPULATION_ZERO;INVALID_DENOMINATOR","","",4117
"T0004_S042_R000","T0004_S042",4,42,0,-5062125743834831953,"EXTINCT","TUMOR_EXTINCT;INVALID_DENOMINATOR","","",4716
"T0004_S043_R000","T0004_S043",4,43,0,-5062125743834831953,"EXTINCT","TUMOR_EXTINCT;INVALID_DENOMINATOR","","",4638
"T0004_S044_R000","T0004_S044",4,44,0,-5062125743834831953,"EXTINCT","TUMOR_EXTINCT;INVALID_DENOMINATOR","","",4841
"T0004_S045_R000","T0004_S045",4,45,0,-5062125743834831953,"EXTINCT","TUMOR_EXTINCT;INVALID_DENOMINATOR","","",4967
"T0005_S000_R000","T0005_S000",5,0,0,2328861214380524331,"EXTINCT","TUMOR_EXTINCT;EC_POPULATION_ZERO;FIBROBLAST_POPULATION_ZERO;INVALID_DENOMINATOR","","",4852
"T0005_S001_R000","T0005_S001",5,1,0,2328861214380524331,"EXTINCT","TUMOR_EXTINCT;EC_POPULATION_ZERO;FIBROBLAST_POPULATION_ZERO;INVALID_DENOMINATOR","","",4852
"T0005_S002_R000","T0005_S002",5,2,0,2328861214380524331,"EXTINCT","TUMOR_EXTINCT;EC_POPULATION_ZERO;FIBROBLAST_POPULATION_ZERO;INVALID_DENOMINATOR","","",4778
"T0005_S003_R000","T0005_S003",5,3,0,2328861214380524331,"EXTINCT","TUMOR_EXTINCT;EC_POPULATION_ZERO;FIBROBLAST_POPULATION_ZERO;INVALID_DENOMINATOR","","",4818
"T0005_S004_R000","T0005_S004",5,4,0,2328861214380524331,"EXTINCT","TUMOR_EXTINCT;EC_POPULATION_ZERO;FIBROBLAST_POPULATION_ZERO;INVALID_DENOMINATOR","","",4754
"T0005_S005_R000","T0005_S005",5,5,0,2328861214380524331,"EXTINCT","TUMOR_EXTINCT;EC_POPULATION_ZERO;FIBROBLAST_POPULATION_ZERO;INVALID_DENOMINATOR","","",4782
"T0005_S006_R000","T0005_S006",5,6,0,2328861214380524331,"EXTINCT","TUMOR_EXTINCT;EC_POPULATION_ZERO;FIBROBLAST_POPULATION_ZERO;INVALID_DENOMINATOR","","",5176
"T0005_S007_R000","T0005_S007",5,7,0,2328861214380524331,"EXTINCT","TUMOR_EXTINCT;EC_POPULATION_ZERO;FIBROBLAST_POPULATION_ZERO;INVALID_DENOMINATOR","","",5094
"T0005_S008_R000","T0005_S008",5,8,0,2328861214380524331,"EXTINCT","TUMOR_EXTINCT;EC_POPULATION_ZERO;FIBROBLAST_POPULATION_ZERO;INVALID_DENOMINATOR","","",5030
"T0005_S009_R000","T0005_S009",5,9,0,2328861214380524331,"EXTINCT","TUMOR_EXTINCT;EC_POPULATION_ZERO;FIBROBLAST_POPULATION_ZERO;INVALID_DENOMINATOR","","",5129
"T0005_S010_R000","T0005_S010",5,10,0,2328861214380524331,"EXTINCT","TUMOR_EXTINCT;EC_POPULATION_ZERO;FIBROBLAST_POPULATION_ZERO;INVALID_DENOMINATOR","","",5063
"T0005_S011_R000","T0005_S011",5,11,0,2328861214380524331,"EXTINCT","TUMOR_EXTINCT;EC_POPULATION_ZERO;FIBROBLAST_POPULATION_ZERO;INVALID_DENOMINATOR","","",4983
"T0005_S012_R000","T0005_S012",5,12,0,2328861214380524331,"EXTINCT","TUMOR_EXTINCT;EC_POPULATION_ZERO;FIBROBLAST_POPULATION_ZERO;INVALID_DENOMINATOR","","",4879
"T0005_S013_R000","T0005_S013",5,13,0,2328861214380524331,"EXTINCT","TUMOR_EXTINCT;EC_POPULATION_ZERO;INVALID_DENOMINATOR","","",5154
"T0005_S014_R000","T0005_S014",5,14,0,2328861214380524331,"INVALID","EC_POPULATION_ZERO;FIBROBLAST_POPULATION_ZERO;INVALID_DENOMINATOR","","",3403
"T0005_S015_R000","T0005_S015",5,15,0,2328861214380524331,"INVALID","EC_POPULATION_ZERO;INVALID_DENOMINATOR","","",3309
"T0005_S016_R000","T0005_S016",5,16,0,2328861214380524331,"INVALID","EC_POPULATION_ZERO;INVALID_DENOMINATOR","","",3419
"T0005_S017_R000","T0005_S017",5,17,0,2328861214380524331,"INVALID","EC_POPULATION_ZERO;INVALID_DENOMINATOR","","",3493
"T0005_S018_R000","T0005_S018",5,18,0,2328861214380524331,"INVALID","EC_POPULATION_ZERO;INVALID_DENOMINATOR","","",5299
"T0005_S019_R000","T0005_S019",5,19,0,2328861214380524331,"INVALID","EC_POPULATION_ZERO;INVALID_DENOMINATOR","","",5290
"T0005_S020_R000","T0005_S020",5,20,0,2328861214380524331,"INVALID","EC_POPULATION_ZERO;INVALID_DENOMINATOR","","",5260
"T0005_S021_R000","T0005_S021",5,21,0,2328861214380524331,"INVALID","EC_POPULATION_ZERO;INVALID_DENOMINATOR","","",3164
"T0005_S024_R000","T0005_S024",5,24,0,2328861214380524331,"EXTINCT","TUMOR_EXTINCT;INVALID_DENOMINATOR","","",413
"T0006_S003_R000","T0006_S003",6,3,0,-4950019778398733579,"EXTINCT","TUMOR_EXTINCT;INVALID_DENOMINATOR","","",1119
"T0006_S004_R000","T0006_S004",6,4,0,-4950019778398733579,"EXTINCT","TUMOR_EXTINCT;INVALID_DENOMINATOR","","",1105
"T0006_S006_R000","T0006_S006",6,6,0,-4950019778398733579,"EXTINCT","TUMOR_EXTINCT;INVALID_DENOMINATOR","","",4405
"T0006_S007_R000","T0006_S007",6,7,0,-4950019778398733579,"EXTINCT","TUMOR_EXTINCT;INVALID_DENOMINATOR","","",4372
"T0006_S013_R000","T0006_S013",6,13,0,-4950019778398733579,"EXTINCT","TUMOR_EXTINCT;INVALID_DENOMINATOR","","",5288
"T0006_S014_R000","T0006_S014",6,14,0,-4950019778398733579,"EXTINCT","TUMOR_EXTINCT;INVALID_DENOMINATOR","","",5276
"T0006_S015_R000","T0006_S015",6,15,0,-4950019778398733579,"EXTINCT","TUMOR_EXTINCT;INVALID_DENOMINATOR","","",5335
"T0006_S016_R000","T0006_S016",6,16,0,-4950019778398733579,"EXTINCT","TUMOR_EXTINCT;INVALID_DENOMINATOR","","",5430
"T0006_S017_R000","T0006_S017",6,17,0,-4950019778398733579,"EXTINCT","TUMOR_EXTINCT;INVALID_DENOMINATOR","","",5200
"T0006_S019_R000","T0006_S019",6,19,0,-4950019778398733579,"EXTINCT","TUMOR_EXTINCT;INVALID_DENOMINATOR","","",4931
"T0006_S020_R000","T0006_S020",6,20,0,-4950019778398733579,"EXTINCT","TUMOR_EXTINCT;INVALID_DENOMINATOR","","",4694
"T0006_S021_R000","T0006_S021",6,21,0,-4950019778398733579,"EXTINCT","TUMOR_EXTINCT;INVALID_DENOMINATOR","","",4740
"T0006_S025_R000","T0006_S025",6,25,0,-4950019778398733579,"EXTINCT","TUMOR_EXTINCT;INVALID_DENOMINATOR","","",4208
"T0006_S026_R000","T0006_S026",6,26,0,-4950019778398733579,"EXTINCT","TUMOR_EXTINCT;EC_POPULATION_ZERO;INVALID_DENOMINATOR","","",4284
"T0006_S027_R000","T0006_S027",6,27,0,-4950019778398733579,"EXTINCT","TUMOR_EXTINCT;EC_POPULATION_ZERO;INVALID_DENOMINATOR","","",4177
"T0006_S028_R000","T0006_S028",6,28,0,-4950019778398733579,"EXTINCT","TUMOR_EXTINCT;EC_POPULATION_ZERO;INVALID_DENOMINATOR","","",3981
"T0006_S029_R000","T0006_S029",6,29,0,-4950019778398733579,"EXTINCT","TUMOR_EXTINCT;EC_POPULATION_ZERO;INVALID_DENOMINATOR","","",3868
"T0006_S030_R000","T0006_S030",6,30,0,-4950019778398733579,"EXTINCT","TUMOR_EXTINCT;EC_POPULATION_ZERO;INVALID_DENOMINATOR","","",4005
"T0006_S031_R000","T0006_S031",6,31,0,-4950019778398733579,"EXTINCT","TUMOR_EXTINCT;EC_POPULATION_ZERO;INVALID_DENOMINATOR","","",4708
"T0006_S032_R000","T0006_S032",6,32,0,-4950019778398733579,"EXTINCT","TUMOR_EXTINCT;INVALID_DENOMINATOR","","",4735
"T0006_S033_R000","T0006_S033",6,33,0,-4950019778398733579,"EXTINCT","TUMOR_EXTINCT;INVALID_DENOMINATOR","","",4837
"T0006_S035_R000","T0006_S035",6,35,0,-4950019778398733579,"EXTINCT","TUMOR_EXTINCT;INVALID_DENOMINATOR","","",4773
"T0006_S036_R000","T0006_S036",6,36,0,-4950019778398733579,"EXTINCT","TUMOR_EXTINCT;EC_POPULATION_ZERO;INVALID_DENOMINATOR","","",4782
"T0006_S037_R000","T0006_S037",6,37,0,-4950019778398733579,"EXTINCT","TUMOR_EXTINCT;EC_POPULATION_ZERO;INVALID_DENOMINATOR","","",4813
"T0006_S038_R000","T0006_S038",6,38,0,-4950019778398733579,"EXTINCT","TUMOR_EXTINCT;EC_POPULATION_ZERO;INVALID_DENOMINATOR","","",4797
"T0006_S039_R000","T0006_S039",6,39,0,-4950019778398733579,"EXTINCT","TUMOR_EXTINCT;EC_POPULATION_ZERO;INVALID_DENOMINATOR","","",4784
"T0006_S040_R000","T0006_S040",6,40,0,-4950019778398733579,"EXTINCT","TUMOR_EXTINCT;INVALID_DENOMINATOR","","",4739
"T0006_S041_R000","T0006_S041",6,41,0,-4950019778398733579,"EXTINCT","TUMOR_EXTINCT;INVALID_DENOMINATOR","","",4774
"T0006_S045_R000","T0006_S045",6,45,0,-4950019778398733579,"EXTINCT","TUMOR_EXTINCT;INVALID_DENOMINATOR","","",4881
"T0007_S001_R000","T0007_S001",7,1,0,-3653789079173672140,"EXTINCT","TUMOR_EXTINCT;INVALID_DENOMINATOR","","",6451
"T0007_S002_R000","T0007_S002",7,2,0,-3653789079173672140,"EXTINCT","TUMOR_EXTINCT;INVALID_DENOMINATOR","","",6528
"T0007_S003_R000","T0007_S003",7,3,0,-3653789079173672140,"EXTINCT","TUMOR_EXTINCT;INVALID_DENOMINATOR","","",6428
"T0007_S004_R000","T0007_S004",7,4,0,-3653789079173672140,"EXTINCT","TUMOR_EXTINCT;EC_POPULATION_ZERO;INVALID_DENOMINATOR","","",6559
"T0007_S005_R000","T0007_S005",7,5,0,-3653789079173672140,"EXTINCT","TUMOR_EXTINCT;INVALID_DENOMINATOR","","",5722
"T0007_S007_R000","T0007_S007",7,7,0,-3653789079173672140,"EXTINCT","TUMOR_EXTINCT;INVALID_DENOMINATOR","","",1449
"T0007_S013_R000","T0007_S013",7,13,0,-3653789079173672140,"INVALID","EC_POPULATION_ZERO;INVALID_DENOMINATOR","","",10912
"T0007_S015_R000","T0007_S015",7,15,0,-3653789079173672140,"INVALID","EC_POPULATION_ZERO;INVALID_DENOMINATOR","","",10913
"T0007_S016_R000","T0007_S016",7,16,0,-3653789079173672140,"INVALID","EC_POPULATION_ZERO;INVALID_DENOMINATOR","","",9811
"T0007_S017_R000","T0007_S017",7,17,0,-3653789079173672140,"INVALID","EC_POPULATION_ZERO;INVALID_DENOMINATOR","","",1052
"T0007_S018_R000","T0007_S018",7,18,0,-3653789079173672140,"INVALID","EC_POPULATION_ZERO;INVALID_DENOMINATOR","","",972
"T0007_S019_R000","T0007_S019",7,19,0,-3653789079173672140,"INVALID","EC_POPULATION_ZERO;INVALID_DENOMINATOR","","",1059
"T0007_S020_R000","T0007_S020",7,20,0,-3653789079173672140,"INVALID","EC_POPULATION_ZERO;INVALID_DENOMINATOR","","",875
"T0007_S021_R000","T0007_S021",7,21,0,-3653789079173672140,"INVALID","EC_POPULATION_ZERO;INVALID_DENOMINATOR","","",922
"T0007_S022_R000","T0007_S022",7,22,0,-3653789079173672140,"INVALID","EC_POPULATION_ZERO;INVALID_DENOMINATOR","","",1666
"T0007_S023_R000","T0007_S023",7,23,0,-3653789079173672140,"INVALID","EC_POPULATION_ZERO;INVALID_DENOMINATOR","","",2462
"T0007_S024_R000","T0007_S024",7,24,0,-3653789079173672140,"INVALID","EC_POPULATION_ZERO;INVALID_DENOMINATOR","","",3453
"T0007_S025_R000","T0007_S025",7,25,0,-3653789079173672140,"INVALID","EC_POPULATION_ZERO;INVALID_DENOMINATOR","","",3303
"T0007_S031_R000","T0007_S031",7,31,0,-3653789079173672140,"INVALID","MACROPHAGE_POPULATION_ZERO;INVALID_DENOMINATOR","","",3306
"T0007_S032_R000","T0007_S032",7,32,0,-3653789079173672140,"INVALID","MACROPHAGE_POPULATION_ZERO;INVALID_DENOMINATOR","","",12561
"T0007_S034_R000","T0007_S034",7,34,0,-3653789079173672140,"INVALID","MACROPHAGE_POPULATION_ZERO;INVALID_DENOMINATOR","","",14067
"T0008_S000_R000","T0008_S000",8,0,0,-2489871224700470337,"INVALID","EC_POPULATION_ZERO;MACROPHAGE_POPULATION_ZERO;INVALID_DENOMINATOR","","",13540
"T0008_S001_R000","T0008_S001",8,1,0,-2489871224700470337,"INVALID","EC_POPULATION_ZERO;MACROPHAGE_POPULATION_ZERO;INVALID_DENOMINATOR","","",10755
"T0008_S002_R000","T0008_S002",8,2,0,-2489871224700470337,"INVALID","EC_POPULATION_ZERO;MACROPHAGE_POPULATION_ZERO;INVALID_DENOMINATOR","","",9721
"T0008_S003_R000","T0008_S003",8,3,0,-2489871224700470337,"INVALID","EC_POPULATION_ZERO;MACROPHAGE_POPULATION_ZERO;INVALID_DENOMINATOR","","",10580
"T0008_S004_R000","T0008_S004",8,4,0,-2489871224700470337,"INVALID","EC_POPULATION_ZERO;MACROPHAGE_POPULATION_ZERO;INVALID_DENOMINATOR","","",9719
"T0008_S005_R000","T0008_S005",8,5,0,-2489871224700470337,"INVALID","EC_POPULATION_ZERO;INVALID_DENOMINATOR","","",7850
"T0008_S006_R000","T0008_S006",8,6,0,-2489871224700470337,"INVALID","EC_POPULATION_ZERO;INVALID_DENOMINATOR","","",7423
"T0008_S007_R000","T0008_S007",8,7,0,-2489871224700470337,"INVALID","EC_POPULATION_ZERO;INVALID_DENOMINATOR","","",7383
"T0008_S008_R000","T0008_S008",8,8,0,-2489871224700470337,"INVALID","EC_POPULATION_ZERO;INVALID_DENOMINATOR","","",7965
"T0008_S009_R000","T0008_S009",8,9,0,-2489871224700470337,"INVALID","EC_POPULATION_ZERO;INVALID_DENOMINATOR","","",7498
"T0008_S010_R000","T0008_S010",8,10,0,-2489871224700470337,"INVALID","EC_POPULATION_ZERO;INVALID_DENOMINATOR","","",7716
"T0008_S011_R000","T0008_S011",8,11,0,-2489871224700470337,"INVALID","EC_POPULATION_ZERO;INVALID_DENOMINATOR","","",7380
"T0008_S012_R000","T0008_S012",8,12,0,-2489871224700470337,"INVALID","EC_POPULATION_ZERO;INVALID_DENOMINATOR","","",7656
"T0008_S013_R000","T0008_S013",8,13,0,-2489871224700470337,"INVALID","EC_POPULATION_ZERO;INVALID_DENOMINATOR","","",7542
"T0008_S014_R000","T0008_S014",8,14,0,-2489871224700470337,"INVALID","EC_POPULATION_ZERO;INVALID_DENOMINATOR","","",6915
"T0008_S015_R000","T0008_S015",8,15,0,-2489871224700470337,"EXTINCT","TUMOR_EXTINCT;EC_POPULATION_ZERO;INVALID_DENOMINATOR","","",6903
"T0008_S016_R000","T0008_S016",8,16,0,-2489871224700470337,"EXTINCT","TUMOR_EXTINCT;EC_POPULATION_ZERO;INVALID_DENOMINATOR","","",7316
"T0008_S017_R000","T0008_S017",8,17,0,-2489871224700470337,"EXTINCT","TUMOR_EXTINCT;EC_POPULATION_ZERO;INVALID_DENOMINATOR","","",7496
"T0008_S018_R000","T0008_S018",8,18,0,-2489871224700470337,"EXTINCT","TUMOR_EXTINCT;EC_POPULATION_ZERO;INVALID_DENOMINATOR","","",8783
"T0008_S019_R000","T0008_S019",8,19,0,-2489871224700470337,"EXTINCT","TUMOR_EXTINCT;EC_POPULATION_ZERO;FIBROBLAST_POPULATION_ZERO;INVALID_DENOMINATOR","","",8720
"T0008_S020_R000","T0008_S020",8,20,0,-2489871224700470337,"EXTINCT","TUMOR_EXTINCT;EC_POPULATION_ZERO;FIBROBLAST_POPULATION_ZERO;INVALID_DENOMINATOR","","",8985
"T0008_S021_R000","T0008_S021",8,21,0,-2489871224700470337,"EXTINCT","TUMOR_EXTINCT;EC_POPULATION_ZERO;INVALID_DENOMINATOR","","",9660
"T0008_S022_R000","T0008_S022",8,22,0,-2489871224700470337,"EXTINCT","TUMOR_EXTINCT;EC_POPULATION_ZERO;INVALID_DENOMINATOR","","",9227
"T0008_S023_R000","T0008_S023",8,23,0,-2489871224700470337,"EXTINCT","TUMOR_EXTINCT;EC_POPULATION_ZERO;INVALID_DENOMINATOR","","",9023
"T0008_S024_R000","T0008_S024",8,24,0,-2489871224700470337,"EXTINCT","TUMOR_EXTINCT;EC_POPULATION_ZERO;INVALID_DENOMINATOR","","",8833
"T0008_S025_R000","T0008_S025",8,25,0,-2489871224700470337,"EXTINCT","TUMOR_EXTINCT;EC_POPULATION_ZERO;INVALID_DENOMINATOR","","",8742
"T0008_S026_R000","T0008_S026",8,26,0,-2489871224700470337,"EXTINCT","TUMOR_EXTINCT;EC_POPULATION_ZERO;INVALID_DENOMINATOR","","",7920
"T0008_S027_R000","T0008_S027",8,27,0,-2489871224700470337,"EXTINCT","TUMOR_EXTINCT;EC_POPULATION_ZERO;INVALID_DENOMINATOR","","",8002
"T0008_S028_R000","T0008_S028",8,28,0,-2489871224700470337,"EXTINCT","TUMOR_EXTINCT;EC_POPULATION_ZERO;INVALID_DENOMINATOR","","",8179
"T0008_S029_R000","T0008_S029",8,29,0,-2489871224700470337,"EXTINCT","TUMOR_EXTINCT;EC_POPULATION_ZERO;INVALID_DENOMINATOR","","",7836
"T0008_S030_R000","T0008_S030",8,30,0,-2489871224700470337,"EXTINCT","TUMOR_EXTINCT;INVALID_DENOMINATOR","","",7796
"T0008_S031_R000","T0008_S031",8,31,0,-2489871224700470337,"EXTINCT","TUMOR_EXTINCT;INVALID_DENOMINATOR","","",8077
"T0008_S032_R000","T0008_S032",8,32,0,-2489871224700470337,"EXTINCT","TUMOR_EXTINCT;INVALID_DENOMINATOR","","",7382
"T0008_S033_R000","T0008_S033",8,33,0,-2489871224700470337,"EXTINCT","TUMOR_EXTINCT;INVALID_DENOMINATOR","","",7271
"T0008_S034_R000","T0008_S034",8,34,0,-2489871224700470337,"EXTINCT","TUMOR_EXTINCT;INVALID_DENOMINATOR","","",6998
"T0008_S035_R000","T0008_S035",8,35,0,-2489871224700470337,"EXTINCT","TUMOR_EXTINCT;INVALID_DENOMINATOR","","",7325
"T0008_S036_R000","T0008_S036",8,36,0,-2489871224700470337,"EXTINCT","TUMOR_EXTINCT;INVALID_DENOMINATOR","","",7324
"T0008_S037_R000","T0008_S037",8,37,0,-2489871224700470337,"EXTINCT","TUMOR_EXTINCT;INVALID_DENOMINATOR","","",2882
"T0008_S038_R000","T0008_S038",8,38,0,-2489871224700470337,"EXTINCT","TUMOR_EXTINCT;INVALID_DENOMINATOR","","",2752
"T0008_S039_R000","T0008_S039",8,39,0,-2489871224700470337,"EXTINCT","TUMOR_EXTINCT;INVALID_DENOMINATOR","","",2907
"T0008_S040_R000","T0008_S040",8,40,0,-2489871224700470337,"EXTINCT","TUMOR_EXTINCT;INVALID_DENOMINATOR","","",2802
"T0008_S041_R000","T0008_S041",8,41,0,-2489871224700470337,"EXTINCT","TUMOR_EXTINCT;INVALID_DENOMINATOR","","",2989
"T0009_S002_R000","T0009_S002",9,2,0,4178951791027823611,"INVALID","EC_POPULATION_ZERO;INVALID_DENOMINATOR","","",11083
"T0009_S011_R000","T0009_S011",9,11,0,4178951791027823611,"INVALID","EC_POPULATION_ZERO;INVALID_DENOMINATOR","","",8164
"T0009_S012_R000","T0009_S012",9,12,0,4178951791027823611,"INVALID","EC_POPULATION_ZERO;INVALID_DENOMINATOR","","",7868
"T0009_S013_R000","T0009_S013",9,13,0,4178951791027823611,"INVALID","EC_POPULATION_ZERO;INVALID_DENOMINATOR","","",7120
"T0009_S014_R000","T0009_S014",9,14,0,4178951791027823611,"INVALID","EC_POPULATION_ZERO;INVALID_DENOMINATOR","","",4064
"T0009_S015_R000","T0009_S015",9,15,0,4178951791027823611,"INVALID","EC_POPULATION_ZERO;INVALID_DENOMINATOR","","",3491
"T0009_S016_R000","T0009_S016",9,16,0,4178951791027823611,"INVALID","EC_POPULATION_ZERO;INVALID_DENOMINATOR","","",4186
"T0009_S017_R000","T0009_S017",9,17,0,4178951791027823611,"INVALID","EC_POPULATION_ZERO;INVALID_DENOMINATOR","","",3981
"T0009_S018_R000","T0009_S018",9,18,0,4178951791027823611,"INVALID","EC_POPULATION_ZERO;INVALID_DENOMINATOR","","",4031
"T0009_S019_R000","T0009_S019",9,19,0,4178951791027823611,"INVALID","EC_POPULATION_ZERO;INVALID_DENOMINATOR","","",4137
"T0009_S020_R000","T0009_S020",9,20,0,4178951791027823611,"INVALID","EC_POPULATION_ZERO;INVALID_DENOMINATOR","","",4194
"T0009_S021_R000","T0009_S021",9,21,0,4178951791027823611,"INVALID","EC_POPULATION_ZERO;INVALID_DENOMINATOR","","",4280
"T0009_S022_R000","T0009_S022",9,22,0,4178951791027823611,"INVALID","EC_POPULATION_ZERO;INVALID_DENOMINATOR","","",4350
"T0009_S023_R000","T0009_S023",9,23,0,4178951791027823611,"INVALID","EC_POPULATION_ZERO;INVALID_DENOMINATOR","","",4107
"T0009_S024_R000","T0009_S024",9,24,0,4178951791027823611,"INVALID","EC_POPULATION_ZERO;INVALID_DENOMINATOR","","",4057
"T0009_S025_R000","T0009_S025",9,25,0,4178951791027823611,"INVALID","EC_POPULATION_ZERO;INVALID_DENOMINATOR","","",3582
"T0009_S026_R000","T0009_S026",9,26,0,4178951791027823611,"INVALID","EC_POPULATION_ZERO;INVALID_DENOMINATOR","","",3907
"T0009_S027_R000","T0009_S027",9,27,0,4178951791027823611,"EXTINCT","TUMOR_EXTINCT;EC_POPULATION_ZERO;INVALID_DENOMINATOR","","",4971
"T0009_S028_R000","T0009_S028",9,28,0,4178951791027823611,"INVALID","EC_POPULATION_ZERO;INVALID_DENOMINATOR","","",5154
"T0009_S029_R000","T0009_S029",9,29,0,4178951791027823611,"EXTINCT","TUMOR_EXTINCT;EC_POPULATION_ZERO;INVALID_DENOMINATOR","","",5042
"T0009_S030_R000","T0009_S030",9,30,0,4178951791027823611,"EXTINCT","TUMOR_EXTINCT;EC_POPULATION_ZERO;INVALID_DENOMINATOR","","",5206
"T0009_S031_R000","T0009_S031",9,31,0,4178951791027823611,"EXTINCT","TUMOR_EXTINCT;EC_POPULATION_ZERO;INVALID_DENOMINATOR","","",5072
"T0009_S032_R000","T0009_S032",9,32,0,4178951791027823611,"INVALID","EC_POPULATION_ZERO;INVALID_DENOMINATOR","","",5373
"T0010_S006_R000","T0010_S006",10,6,0,7380922414815450206,"INVALID","MACROPHAGE_POPULATION_ZERO;INVALID_DENOMINATOR","","",617
"T0010_S010_R000","T0010_S010",10,10,0,7380922414815450206,"INVALID","MACROPHAGE_POPULATION_ZERO;INVALID_DENOMINATOR","","",702
"T0010_S012_R000","T0010_S012",10,12,0,7380922414815450206,"INVALID","MACROPHAGE_POPULATION_ZERO;INVALID_DENOMINATOR","","",821
"T0010_S014_R000","T0010_S014",10,14,0,7380922414815450206,"INVALID","MACROPHAGE_POPULATION_ZERO;INVALID_DENOMINATOR","","",555
"T0010_S016_R000","T0010_S016",10,16,0,7380922414815450206,"INVALID","MACROPHAGE_POPULATION_ZERO;INVALID_DENOMINATOR","","",502
"T0010_S020_R000","T0010_S020",10,20,0,7380922414815450206,"INVALID","MACROPHAGE_POPULATION_ZERO;INVALID_DENOMINATOR","","",5774
"T0010_S021_R000","T0010_S021",10,21,0,7380922414815450206,"INVALID","MACROPHAGE_POPULATION_ZERO;INVALID_DENOMINATOR","","",5179
"T0010_S022_R000","T0010_S022",10,22,0,7380922414815450206,"INVALID","MACROPHAGE_POPULATION_ZERO;INVALID_DENOMINATOR","","",5206
"T0010_S023_R000","T0010_S023",10,23,0,7380922414815450206,"INVALID","MACROPHAGE_POPULATION_ZERO;INVALID_DENOMINATOR","","",10617
"T0010_S024_R000","T0010_S024",10,24,0,7380922414815450206,"INVALID","MACROPHAGE_POPULATION_ZERO;INVALID_DENOMINATOR","","",13701
"T0010_S025_R000","T0010_S025",10,25,0,7380922414815450206,"INVALID","MACROPHAGE_POPULATION_ZERO;INVALID_DENOMINATOR","","",11242
"T0010_S028_R000","T0010_S028",10,28,0,7380922414815450206,"INVALID","EC_POPULATION_ZERO;INVALID_DENOMINATOR","","",14217
"T0010_S029_R000","T0010_S029",10,29,0,7380922414815450206,"INVALID","EC_POPULATION_ZERO;INVALID_DENOMINATOR","","",14125
"T0010_S030_R000","T0010_S030",10,30,0,7380922414815450206,"INVALID","EC_POPULATION_ZERO;INVALID_DENOMINATOR","","",13145
"T0010_S031_R000","T0010_S031",10,31,0,7380922414815450206,"INVALID","EC_POPULATION_ZERO;INVALID_DENOMINATOR","","",13246
"T0010_S032_R000","T0010_S032",10,32,0,7380922414815450206,"INVALID","EC_POPULATION_ZERO;INVALID_DENOMINATOR","","",16221
"T0010_S033_R000","T0010_S033",10,33,0,7380922414815450206,"INVALID","EC_POPULATION_ZERO;INVALID_DENOMINATOR","","",17614
"T0010_S034_R000","T0010_S034",10,34,0,7380922414815450206,"INVALID","EC_POPULATION_ZERO;INVALID_DENOMINATOR","","",9625
"T0010_S035_R000","T0010_S035",10,35,0,7380922414815450206,"INVALID","EC_POPULATION_ZERO;INVALID_DENOMINATOR","","",14223
"T0010_S036_R000","T0010_S036",10,36,0,7380922414815450206,"INVALID","EC_POPULATION_ZERO;INVALID_DENOMINATOR","","",15940
"T0010_S037_R000","T0010_S037",10,37,0,7380922414815450206,"INVALID","EC_POPULATION_ZERO;INVALID_DENOMINATOR","","",18513
"T0010_S038_R000","T0010_S038",10,38,0,7380922414815450206,"INVALID","EC_POPULATION_ZERO;INVALID_DENOMINATOR","","",11205
"T0010_S039_R000","T0010_S039",10,39,0,7380922414815450206,"INVALID","EC_POPULATION_ZERO;INVALID_DENOMINATOR","","",10616
"T0010_S040_R000","T0010_S040",10,40,0,7380922414815450206,"INVALID","EC_POPULATION_ZERO;INVALID_DENOMINATOR","","",80556
"T0010_S041_R000","T0010_S041",10,41,0,7380922414815450206,"INVALID","EC_POPULATION_ZERO;INVALID_DENOMINATOR","","",76324
"T0010_S042_R000","T0010_S042",10,42,0,7380922414815450206,"INVALID","EC_POPULATION_ZERO;INVALID_DENOMINATOR","","",71634
"T0010_S043_R000","T0010_S043",10,43,0,7380922414815450206,"INVALID","EC_POPULATION_ZERO;INVALID_DENOMINATOR","","",79576
"T0010_S044_R000","T0010_S044",10,44,0,7380922414815450206,"INVALID","EC_POPULATION_ZERO;INVALID_DENOMINATOR","","",78990
"T0010_S045_R000","T0010_S045",10,45,0,7380922414815450206,"INVALID","EC_POPULATION_ZERO;INVALID_DENOMINATOR","","",61872
"T0011_S008_R000","T0011_S008",11,8,0,8927301329766657151,"EXTINCT","TUMOR_EXTINCT;EC_POPULATION_ZERO;INVALID_DENOMINATOR","","",1957
"T0011_S009_R000","T0011_S009",11,9,0,8927301329766657151,"EXTINCT","TUMOR_EXTINCT;INVALID_DENOMINATOR","","",1813
"T0011_S013_R000","T0011_S013",11,13,0,8927301329766657151,"INVALID","EC_POPULATION_ZERO;INVALID_DENOMINATOR","","",2694
"T0011_S014_R000","T0011_S014",11,14,0,8927301329766657151,"INVALID","EC_POPULATION_ZERO;MACROPHAGE_POPULATION_ZERO;INVALID_DENOMINATOR","","",2390
"T0011_S015_R000","T0011_S015",11,15,0,8927301329766657151,"INVALID","EC_POPULATION_ZERO;INVALID_DENOMINATOR","","",2641
"T0011_S016_R000","T0011_S016",11,16,0,8927301329766657151,"INVALID","EC_POPULATION_ZERO;MACROPHAGE_POPULATION_ZERO;INVALID_DENOMINATOR","","",2609
"T0011_S017_R000","T0011_S017",11,17,0,8927301329766657151,"INVALID","EC_POPULATION_ZERO;INVALID_DENOMINATOR","","",2574
"T0011_S018_R000","T0011_S018",11,18,0,8927301329766657151,"INVALID","EC_POPULATION_ZERO;INVALID_DENOMINATOR","","",2573
"T0011_S019_R000","T0011_S019",11,19,0,8927301329766657151,"INVALID","EC_POPULATION_ZERO;INVALID_DENOMINATOR","","",887
"T0011_S020_R000","T0011_S020",11,20,0,8927301329766657151,"INVALID","EC_POPULATION_ZERO;INVALID_DENOMINATOR","","",874
"T0011_S021_R000","T0011_S021",11,21,0,8927301329766657151,"INVALID","EC_POPULATION_ZERO;INVALID_DENOMINATOR","","",846
"T0011_S022_R000","T0011_S022",11,22,0,8927301329766657151,"INVALID","EC_POPULATION_ZERO;MACROPHAGE_POPULATION_ZERO;INVALID_DENOMINATOR","","",245
"T0011_S023_R000","T0011_S023",11,23,0,8927301329766657151,"INVALID","EC_POPULATION_ZERO;INVALID_DENOMINATOR","","",336
"T0011_S024_R000","T0011_S024",11,24,0,8927301329766657151,"INVALID","EC_POPULATION_ZERO;INVALID_DENOMINATOR","","",347
"T0011_S025_R000","T0011_S025",11,25,0,8927301329766657151,"INVALID","EC_POPULATION_ZERO;MACROPHAGE_POPULATION_ZERO;INVALID_DENOMINATOR","","",268
"T0011_S026_R000","T0011_S026",11,26,0,8927301329766657151,"INVALID","EC_POPULATION_ZERO;INVALID_DENOMINATOR","","",350
"T0011_S027_R000","T0011_S027",11,27,0,8927301329766657151,"INVALID","EC_POPULATION_ZERO;INVALID_DENOMINATOR","","",348
"T0011_S028_R000","T0011_S028",11,28,0,8927301329766657151,"INVALID","EC_POPULATION_ZERO;MACROPHAGE_POPULATION_ZERO;INVALID_DENOMINATOR","","",570
"T0011_S029_R000","T0011_S029",11,29,0,8927301329766657151,"INVALID","EC_POPULATION_ZERO;MACROPHAGE_POPULATION_ZERO;INVALID_DENOMINATOR","","",556
"T0011_S030_R000","T0011_S030",11,30,0,8927301329766657151,"INVALID","EC_POPULATION_ZERO;INVALID_DENOMINATOR","","",612
"T0011_S031_R000","T0011_S031",11,31,0,8927301329766657151,"INVALID","EC_POPULATION_ZERO;INVALID_DENOMINATOR","","",624
"T0011_S032_R000","T0011_S032",11,32,0,8927301329766657151,"INVALID","EC_POPULATION_ZERO;INVALID_DENOMINATOR","","",527
"T0011_S033_R000","T0011_S033",11,33,0,8927301329766657151,"INVALID","EC_POPULATION_ZERO;INVALID_DENOMINATOR","","",1043
"T0011_S034_R000","T0011_S034",11,34,0,8927301329766657151,"INVALID","EC_POPULATION_ZERO;MACROPHAGE_POPULATION_ZERO;INVALID_DENOMINATOR","","",1150
"T0011_S035_R000","T0011_S035",11,35,0,8927301329766657151,"INVALID","EC_POPULATION_ZERO;MACROPHAGE_POPULATION_ZERO;INVALID_DENOMINATOR","","",859
"T0011_S036_R000","T0011_S036",11,36,0,8927301329766657151,"EXTINCT","TUMOR_EXTINCT;EC_POPULATION_ZERO;MACROPHAGE_POPULATION_ZERO;INVALID_DENOMINATOR","","",745
"T0011_S037_R000","T0011_S037",11,37,0,8927301329766657151,"INVALID","EC_POPULATION_ZERO;MACROPHAGE_POPULATION_ZERO;INVALID_DENOMINATOR","","",887
"T0011_S038_R000","T0011_S038",11,38,0,8927301329766657151,"INVALID","EC_POPULATION_ZERO;MACROPHAGE_POPULATION_ZERO;INVALID_DENOMINATOR","","",474
"T0011_S039_R000","T0011_S039",11,39,0,8927301329766657151,"EXTINCT","TUMOR_EXTINCT;EC_POPULATION_ZERO;INVALID_DENOMINATOR","","",237
"T0011_S040_R000","T0011_S040",11,40,0,8927301329766657151,"INVALID","EC_POPULATION_ZERO;FIBROBLAST_POPULATION_ZERO;INVALID_DENOMINATOR","","",291
"T0011_S041_R000","T0011_S041",11,41,0,8927301329766657151,"EXTINCT","TUMOR_EXTINCT;EC_POPULATION_ZERO;FIBROBLAST_POPULATION_ZERO;INVALID_DENOMINATOR","","",269
"T0011_S042_R000","T0011_S042",11,42,0,8927301329766657151,"EXTINCT","TUMOR_EXTINCT;EC_POPULATION_ZERO;FIBROBLAST_POPULATION_ZERO;INVALID_DENOMINATOR","","",265
"T0011_S043_R000","T0011_S043",11,43,0,8927301329766657151,"EXTINCT","TUMOR_EXTINCT;EC_POPULATION_ZERO;FIBROBLAST_POPULATION_ZERO;INVALID_DENOMINATOR","","",283
"T0011_S044_R000","T0011_S044",11,44,0,8927301329766657151,"EXTINCT","TUMOR_EXTINCT;EC_POPULATION_ZERO;INVALID_DENOMINATOR","","",503
"T0011_S045_R000","T0011_S045",11,45,0,8927301329766657151,"EXTINCT","TUMOR_EXTINCT;EC_POPULATION_ZERO;INVALID_DENOMINATOR","","",507
"T0012_S000_R000","T0012_S000",12,0,0,-7481117857868433525,"INVALID","EC_POPULATION_ZERO;INVALID_DENOMINATOR","","",10651
"T0012_S001_R000","T0012_S001",12,1,0,-7481117857868433525,"INVALID","EC_POPULATION_ZERO;INVALID_DENOMINATOR","","",10756
"T0012_S002_R000","T0012_S002",12,2,0,-7481117857868433525,"INVALID","EC_POPULATION_ZERO;INVALID_DENOMINATOR","","",4809
"T0012_S003_R000","T0012_S003",12,3,0,-7481117857868433525,"INVALID","EC_POPULATION_ZERO;INVALID_DENOMINATOR","","",6456
"T0012_S004_R000","T0012_S004",12,4,0,-7481117857868433525,"INVALID","EC_POPULATION_ZERO;INVALID_DENOMINATOR","","",6792
"T0012_S005_R000","T0012_S005",12,5,0,-7481117857868433525,"INVALID","EC_POPULATION_ZERO;INVALID_DENOMINATOR","","",5962
"T0012_S006_R000","T0012_S006",12,6,0,-7481117857868433525,"INVALID","EC_POPULATION_ZERO;INVALID_DENOMINATOR","","",6370
"T0012_S007_R000","T0012_S007",12,7,0,-7481117857868433525,"INVALID","EC_POPULATION_ZERO;INVALID_DENOMINATOR","","",9160
"T0012_S008_R000","T0012_S008",12,8,0,-7481117857868433525,"INVALID","EC_POPULATION_ZERO;INVALID_DENOMINATOR","","",8941
"T0012_S009_R000","T0012_S009",12,9,0,-7481117857868433525,"INVALID","EC_POPULATION_ZERO;INVALID_DENOMINATOR","","",9693
"T0012_S010_R000","T0012_S010",12,10,0,-7481117857868433525,"INVALID","EC_POPULATION_ZERO;INVALID_DENOMINATOR","","",4437
"T0012_S011_R000","T0012_S011",12,11,0,-7481117857868433525,"INVALID","EC_POPULATION_ZERO;INVALID_DENOMINATOR","","",3506
"T0012_S012_R000","T0012_S012",12,12,0,-7481117857868433525,"INVALID","EC_POPULATION_ZERO;INVALID_DENOMINATOR","","",4370
"T0012_S013_R000","T0012_S013",12,13,0,-7481117857868433525,"INVALID","EC_POPULATION_ZERO;INVALID_DENOMINATOR","","",1985
"T0012_S014_R000","T0012_S014",12,14,0,-7481117857868433525,"INVALID","EC_POPULATION_ZERO;INVALID_DENOMINATOR","","",1097
"T0012_S015_R000","T0012_S015",12,15,0,-7481117857868433525,"EXTINCT","TUMOR_EXTINCT;EC_POPULATION_ZERO;INVALID_DENOMINATOR","","",1038
"T0012_S016_R000","T0012_S016",12,16,0,-7481117857868433525,"EXTINCT","TUMOR_EXTINCT;EC_POPULATION_ZERO;INVALID_DENOMINATOR","","",1014
"T0012_S017_R000","T0012_S017",12,17,0,-7481117857868433525,"EXTINCT","TUMOR_EXTINCT;EC_POPULATION_ZERO;INVALID_DENOMINATOR","","",1025
"T0012_S018_R000","T0012_S018",12,18,0,-7481117857868433525,"EXTINCT","TUMOR_EXTINCT;EC_POPULATION_ZERO;INVALID_DENOMINATOR","","",1018
"T0012_S019_R000","T0012_S019",12,19,0,-7481117857868433525,"INVALID","EC_POPULATION_ZERO;INVALID_DENOMINATOR","","",1126
"T0012_S020_R000","T0012_S020",12,20,0,-7481117857868433525,"INVALID","EC_POPULATION_ZERO;INVALID_DENOMINATOR","","",1017
"T0012_S021_R000","T0012_S021",12,21,0,-7481117857868433525,"EXTINCT","TUMOR_EXTINCT;EC_POPULATION_ZERO;INVALID_DENOMINATOR","","",966
"T0012_S022_R000","T0012_S022",12,22,0,-7481117857868433525,"EXTINCT","TUMOR_EXTINCT;EC_POPULATION_ZERO;INVALID_DENOMINATOR","","",970
"T0012_S023_R000","T0012_S023",12,23,0,-7481117857868433525,"EXTINCT","TUMOR_EXTINCT;EC_POPULATION_ZERO;INVALID_DENOMINATOR","","",972
"T0012_S024_R000","T0012_S024",12,24,0,-7481117857868433525,"EXTINCT","TUMOR_EXTINCT;EC_POPULATION_ZERO;INVALID_DENOMINATOR","","",809
"T0012_S025_R000","T0012_S025",12,25,0,-7481117857868433525,"EXTINCT","TUMOR_EXTINCT;EC_POPULATION_ZERO;INVALID_DENOMINATOR","","",763
"T0012_S026_R000","T0012_S026",12,26,0,-7481117857868433525,"EXTINCT","TUMOR_EXTINCT;EC_POPULATION_ZERO;INVALID_DENOMINATOR","","",798
"T0012_S027_R000","T0012_S027",12,27,0,-7481117857868433525,"INVALID","EC_POPULATION_ZERO;INVALID_DENOMINATOR","","",796
"T0012_S029_R000","T0012_S029",12,29,0,-7481117857868433525,"INVALID","EC_POPULATION_ZERO;INVALID_DENOMINATOR","","",766
"T0012_S031_R000","T0012_S031",12,31,0,-7481117857868433525,"EXTINCT","TUMOR_EXTINCT;INVALID_DENOMINATOR","","",762
"T0012_S043_R000","T0012_S043",12,43,0,-7481117857868433525,"EXTINCT","TUMOR_EXTINCT;INVALID_DENOMINATOR","","",804
"T0012_S044_R000","T0012_S044",12,44,0,-7481117857868433525,"EXTINCT","TUMOR_EXTINCT;INVALID_DENOMINATOR","","",822
"T0012_S045_R000","T0012_S045",12,45,0,-7481117857868433525,"EXTINCT","TUMOR_EXTINCT;INVALID_DENOMINATOR","","",747
"T0013_S006_R000","T0013_S006",13,6,0,7645798995726428869,"EXTINCT","TUMOR_EXTINCT;INVALID_DENOMINATOR","","",9599
"T0013_S008_R000","T0013_S008",13,8,0,7645798995726428869,"EXTINCT","TUMOR_EXTINCT;INVALID_DENOMINATOR","","",9891
"T0013_S009_R000","T0013_S009",13,9,0,7645798995726428869,"EXTINCT","TUMOR_EXTINCT;INVALID_DENOMINATOR","","",9751
"T0013_S010_R000","T0013_S010",13,10,0,7645798995726428869,"EXTINCT","TUMOR_EXTINCT;INVALID_DENOMINATOR","","",9692
"T0013_S011_R000","T0013_S011",13,11,0,7645798995726428869,"EXTINCT","TUMOR_EXTINCT;INVALID_DENOMINATOR","","",9650
"T0013_S012_R000","T0013_S012",13,12,0,7645798995726428869,"EXTINCT","TUMOR_EXTINCT;INVALID_DENOMINATOR","","",9888
"T0013_S013_R000","T0013_S013",13,13,0,7645798995726428869,"EXTINCT","TUMOR_EXTINCT;INVALID_DENOMINATOR","","",4735
"T0013_S014_R000","T0013_S014",13,14,0,7645798995726428869,"EXTINCT","TUMOR_EXTINCT;INVALID_DENOMINATOR","","",4771
"T0013_S015_R000","T0013_S015",13,15,0,7645798995726428869,"EXTINCT","TUMOR_EXTINCT;INVALID_DENOMINATOR","","",4890
"T0013_S016_R000","T0013_S016",13,16,0,7645798995726428869,"EXTINCT","TUMOR_EXTINCT;EC_POPULATION_ZERO;INVALID_DENOMINATOR","","",4781
"T0013_S017_R000","T0013_S017",13,17,0,7645798995726428869,"EXTINCT","TUMOR_EXTINCT;EC_POPULATION_ZERO;INVALID_DENOMINATOR","","",4649
"T0013_S018_R000","T0013_S018",13,18,0,7645798995726428869,"EXTINCT","TUMOR_EXTINCT;EC_POPULATION_ZERO;INVALID_DENOMINATOR","","",4709
"T0013_S019_R000","T0013_S019",13,19,0,7645798995726428869,"EXTINCT","TUMOR_EXTINCT;EC_POPULATION_ZERO;INVALID_DENOMINATOR","","",4750
"T0013_S020_R000","T0013_S020",13,20,0,7645798995726428869,"EXTINCT","TUMOR_EXTINCT;EC_POPULATION_ZERO;INVALID_DENOMINATOR","","",4290
"T0013_S021_R000","T0013_S021",13,21,0,7645798995726428869,"EXTINCT","TUMOR_EXTINCT;EC_POPULATION_ZERO;INVALID_DENOMINATOR","","",4544
"T0013_S022_R000","T0013_S022",13,22,0,7645798995726428869,"EXTINCT","TUMOR_EXTINCT;EC_POPULATION_ZERO;INVALID_DENOMINATOR","","",4514
"T0013_S023_R000","T0013_S023",13,23,0,7645798995726428869,"EXTINCT","TUMOR_EXTINCT;EC_POPULATION_ZERO;INVALID_DENOMINATOR","","",4370
"T0013_S024_R000","T0013_S024",13,24,0,7645798995726428869,"EXTINCT","TUMOR_EXTINCT;INVALID_DENOMINATOR","","",4415
"T0013_S025_R000","T0013_S025",13,25,0,7645798995726428869,"EXTINCT","TUMOR_EXTINCT;INVALID_DENOMINATOR","","",4374
"T0013_S026_R000","T0013_S026",13,26,0,7645798995726428869,"EXTINCT","TUMOR_EXTINCT;INVALID_DENOMINATOR","","",4157
"T0013_S027_R000","T0013_S027",13,27,0,7645798995726428869,"EXTINCT","TUMOR_EXTINCT;EC_POPULATION_ZERO;INVALID_DENOMINATOR","","",4117
"T0013_S028_R000","T0013_S028",13,28,0,7645798995726428869,"EXTINCT","TUMOR_EXTINCT;EC_POPULATION_ZERO;INVALID_DENOMINATOR","","",4237
"T0013_S029_R000","T0013_S029",13,29,0,7645798995726428869,"EXTINCT","TUMOR_EXTINCT;EC_POPULATION_ZERO;INVALID_DENOMINATOR","","",4055
"T0013_S030_R000","T0013_S030",13,30,0,7645798995726428869,"EXTINCT","TUMOR_EXTINCT;EC_POPULATION_ZERO;INVALID_DENOMINATOR","","",4094
"T0013_S031_R000","T0013_S031",13,31,0,7645798995726428869,"INVALID","EC_POPULATION_ZERO;INVALID_DENOMINATOR","","",4047
"T0013_S037_R000","T0013_S037",13,37,0,7645798995726428869,"INVALID","EC_POPULATION_ZERO;INVALID_DENOMINATOR","","",5966
"T0014_S003_R000","T0014_S003",14,3,0,2316835314627590193,"EXTINCT","TUMOR_EXTINCT;INVALID_DENOMINATOR","","",3711
"T0014_S004_R000","T0014_S004",14,4,0,2316835314627590193,"INVALID","EC_POPULATION_ZERO;MACROPHAGE_POPULATION_ZERO;INVALID_DENOMINATOR","","",4972
"T0014_S005_R000","T0014_S005",14,5,0,2316835314627590193,"INVALID","EC_POPULATION_ZERO;MACROPHAGE_POPULATION_ZERO;INVALID_DENOMINATOR","","",21654
"T0014_S006_R000","T0014_S006",14,6,0,2316835314627590193,"INVALID","EC_POPULATION_ZERO;MACROPHAGE_POPULATION_ZERO;INVALID_DENOMINATOR","","",20864
"T0014_S007_R000","T0014_S007",14,7,0,2316835314627590193,"INVALID","EC_POPULATION_ZERO;MACROPHAGE_POPULATION_ZERO;INVALID_DENOMINATOR","","",40734
"T0014_S008_R000","T0014_S008",14,8,0,2316835314627590193,"INVALID","MACROPHAGE_POPULATION_ZERO;INVALID_DENOMINATOR","","",57158
"T0014_S023_R000","T0014_S023",14,23,0,2316835314627590193,"EXTINCT","TUMOR_EXTINCT;INVALID_DENOMINATOR","","",4668
"T0014_S024_R000","T0014_S024",14,24,0,2316835314627590193,"EXTINCT","TUMOR_EXTINCT;FIBROBLAST_POPULATION_ZERO;INVALID_DENOMINATOR","","",4842
"T0014_S025_R000","T0014_S025",14,25,0,2316835314627590193,"EXTINCT","TUMOR_EXTINCT;INVALID_DENOMINATOR","","",5179
"T0014_S026_R000","T0014_S026",14,26,0,2316835314627590193,"EXTINCT","TUMOR_EXTINCT;EC_POPULATION_ZERO;INVALID_DENOMINATOR","","",4853
"T0014_S027_R000","T0014_S027",14,27,0,2316835314627590193,"EXTINCT","TUMOR_EXTINCT;EC_POPULATION_ZERO;INVALID_DENOMINATOR","","",4670
"T0014_S028_R000","T0014_S028",14,28,0,2316835314627590193,"EXTINCT","TUMOR_EXTINCT;EC_POPULATION_ZERO;INVALID_DENOMINATOR","","",4480
"T0014_S029_R000","T0014_S029",14,29,0,2316835314627590193,"EXTINCT","TUMOR_EXTINCT;EC_POPULATION_ZERO;FIBROBLAST_POPULATION_ZERO;INVALID_DENOMINATOR","","",4532
"T0014_S030_R000","T0014_S030",14,30,0,2316835314627590193,"EXTINCT","TUMOR_EXTINCT;EC_POPULATION_ZERO;FIBROBLAST_POPULATION_ZERO;INVALID_DENOMINATOR","","",4681
"T0014_S031_R000","T0014_S031",14,31,0,2316835314627590193,"EXTINCT","TUMOR_EXTINCT;EC_POPULATION_ZERO;INVALID_DENOMINATOR","","",4538
"T0014_S032_R000","T0014_S032",14,32,0,2316835314627590193,"EXTINCT","TUMOR_EXTINCT;EC_POPULATION_ZERO;INVALID_DENOMINATOR","","",4545
"T0014_S033_R000","T0014_S033",14,33,0,2316835314627590193,"EXTINCT","TUMOR_EXTINCT;EC_POPULATION_ZERO;INVALID_DENOMINATOR","","",4747
"T0014_S034_R000","T0014_S034",14,34,0,2316835314627590193,"EXTINCT","TUMOR_EXTINCT;EC_POPULATION_ZERO;FIBROBLAST_POPULATION_ZERO;INVALID_DENOMINATOR","","",4573
"T0014_S035_R000","T0014_S035",14,35,0,2316835314627590193,"EXTINCT","TUMOR_EXTINCT;FIBROBLAST_POPULATION_ZERO;EC_POPULATION_ZERO;INVALID_DENOMINATOR","","",4330
"T0014_S036_R000","T0014_S036",14,36,0,2316835314627590193,"EXTINCT","TUMOR_EXTINCT;EC_POPULATION_ZERO;FIBROBLAST_POPULATION_ZERO;INVALID_DENOMINATOR","","",4297
"T0014_S037_R000","T0014_S037",14,37,0,2316835314627590193,"EXTINCT","TUMOR_EXTINCT;EC_POPULATION_ZERO;FIBROBLAST_POPULATION_ZERO;INVALID_DENOMINATOR","","",4295
"T0014_S038_R000","T0014_S038",14,38,0,2316835314627590193,"EXTINCT","TUMOR_EXTINCT;EC_POPULATION_ZERO;FIBROBLAST_POPULATION_ZERO;INVALID_DENOMINATOR","","",5021
"T0014_S039_R000","T0014_S039",14,39,0,2316835314627590193,"EXTINCT","TUMOR_EXTINCT;FIBROBLAST_POPULATION_ZERO;EC_POPULATION_ZERO;INVALID_DENOMINATOR","","",4668
"T0014_S040_R000","T0014_S040",14,40,0,2316835314627590193,"EXTINCT","TUMOR_EXTINCT;EC_POPULATION_ZERO;INVALID_DENOMINATOR","","",4883
"T0014_S041_R000","T0014_S041",14,41,0,2316835314627590193,"EXTINCT","TUMOR_EXTINCT;EC_POPULATION_ZERO;INVALID_DENOMINATOR","","",4803
"T0014_S042_R000","T0014_S042",14,42,0,2316835314627590193,"EXTINCT","TUMOR_EXTINCT;EC_POPULATION_ZERO;INVALID_DENOMINATOR","","",4800
"T0014_S043_R000","T0014_S043",14,43,0,2316835314627590193,"EXTINCT","TUMOR_EXTINCT;EC_POPULATION_ZERO;INVALID_DENOMINATOR","","",4819
"T0014_S044_R000","T0014_S044",14,44,0,2316835314627590193,"EXTINCT","TUMOR_EXTINCT;EC_POPULATION_ZERO;INVALID_DENOMINATOR","","",4822
"T0014_S045_R000","T0014_S045",14,45,0,2316835314627590193,"EXTINCT","TUMOR_EXTINCT;EC_POPULATION_ZERO;INVALID_DENOMINATOR","","",4858
"T0015_S001_R000","T0015_S001",15,1,0,-5896405198710036597,"INVALID","EC_POPULATION_ZERO;INVALID_DENOMINATOR","","",882
"T0015_S002_R000","T0015_S002",15,2,0,-5896405198710036597,"EXTINCT","TUMOR_EXTINCT;EC_POPULATION_ZERO;INVALID_DENOMINATOR","","",826
"T0015_S003_R000","T0015_S003",15,3,0,-5896405198710036597,"EXTINCT","TUMOR_EXTINCT;EC_POPULATION_ZERO;INVALID_DENOMINATOR","","",852
"T0015_S004_R000","T0015_S004",15,4,0,-5896405198710036597,"INVALID","EC_POPULATION_ZERO;INVALID_DENOMINATOR","","",768
"T0015_S005_R000","T0015_S005",15,5,0,-5896405198710036597,"INVALID","EC_POPULATION_ZERO;INVALID_DENOMINATOR","","",718
"T0015_S006_R000","T0015_S006",15,6,0,-5896405198710036597,"INVALID","EC_POPULATION_ZERO;INVALID_DENOMINATOR","","",830
"T0015_S007_R000","T0015_S007",15,7,0,-5896405198710036597,"INVALID","EC_POPULATION_ZERO;INVALID_DENOMINATOR","","",2633
"T0015_S008_R000","T0015_S008",15,8,0,-5896405198710036597,"INVALID","EC_POPULATION_ZERO;INVALID_DENOMINATOR","","",11402
"T0015_S009_R000","T0015_S009",15,9,0,-5896405198710036597,"INVALID","EC_POPULATION_ZERO;INVALID_DENOMINATOR","","",10402
"T0015_S010_R000","T0015_S010",15,10,0,-5896405198710036597,"INVALID","EC_POPULATION_ZERO;INVALID_DENOMINATOR","","",11053
"T0015_S011_R000","T0015_S011",15,11,0,-5896405198710036597,"INVALID","EC_POPULATION_ZERO;INVALID_DENOMINATOR","","",11720
"T0015_S012_R000","T0015_S012",15,12,0,-5896405198710036597,"INVALID","EC_POPULATION_ZERO;INVALID_DENOMINATOR","","",15569
"T0015_S013_R000","T0015_S013",15,13,0,-5896405198710036597,"INVALID","EC_POPULATION_ZERO;INVALID_DENOMINATOR","","",15268
"T0015_S014_R000","T0015_S014",15,14,0,-5896405198710036597,"INVALID","EC_POPULATION_ZERO;INVALID_DENOMINATOR","","",1887
"T0015_S015_R000","T0015_S015",15,15,0,-5896405198710036597,"INVALID","EC_POPULATION_ZERO;INVALID_DENOMINATOR","","",1855
"T0015_S016_R000","T0015_S016",15,16,0,-5896405198710036597,"INVALID","EC_POPULATION_ZERO;INVALID_DENOMINATOR","","",1822
"T0015_S017_R000","T0015_S017",15,17,0,-5896405198710036597,"INVALID","EC_POPULATION_ZERO;INVALID_DENOMINATOR","","",1600
"T0015_S018_R000","T0015_S018",15,18,0,-5896405198710036597,"INVALID","EC_POPULATION_ZERO;INVALID_DENOMINATOR","","",1468
"T0015_S019_R000","T0015_S019",15,19,0,-5896405198710036597,"INVALID","EC_POPULATION_ZERO;INVALID_DENOMINATOR","","",2064
"T0015_S020_R000","T0015_S020",15,20,0,-5896405198710036597,"INVALID","EC_POPULATION_ZERO;INVALID_DENOMINATOR","","",1918
"T0015_S021_R000","T0015_S021",15,21,0,-5896405198710036597,"INVALID","EC_POPULATION_ZERO;INVALID_DENOMINATOR","","",1497
"T0015_S022_R000","T0015_S022",15,22,0,-5896405198710036597,"INVALID","EC_POPULATION_ZERO;INVALID_DENOMINATOR","","",1717
"T0015_S023_R000","T0015_S023",15,23,0,-5896405198710036597,"INVALID","EC_POPULATION_ZERO;INVALID_DENOMINATOR","","",2498
"T0015_S024_R000","T0015_S024",15,24,0,-5896405198710036597,"INVALID","EC_POPULATION_ZERO;INVALID_DENOMINATOR","","",4179
"T0016_S000_R000","T0016_S000",16,0,0,5966862844268103181,"INVALID","EC_POPULATION_ZERO;INVALID_DENOMINATOR","","",8228
"T0016_S001_R000","T0016_S001",16,1,0,5966862844268103181,"INVALID","EC_POPULATION_ZERO;INVALID_DENOMINATOR","","",9040
"T0016_S002_R000","T0016_S002",16,2,0,5966862844268103181,"INVALID","EC_POPULATION_ZERO;INVALID_DENOMINATOR","","",8936
"T0016_S003_R000","T0016_S003",16,3,0,5966862844268103181,"INVALID","EC_POPULATION_ZERO;INVALID_DENOMINATOR","","",7757
"T0016_S004_R000","T0016_S004",16,4,0,5966862844268103181,"INVALID","EC_POPULATION_ZERO;INVALID_DENOMINATOR","","",11833
"T0016_S005_R000","T0016_S005",16,5,0,5966862844268103181,"INVALID","EC_POPULATION_ZERO;INVALID_DENOMINATOR","","",9941
"T0016_S006_R000","T0016_S006",16,6,0,5966862844268103181,"INVALID","EC_POPULATION_ZERO;INVALID_DENOMINATOR","","",9507
"T0016_S007_R000","T0016_S007",16,7,0,5966862844268103181,"INVALID","EC_POPULATION_ZERO;INVALID_DENOMINATOR","","",9469
"T0016_S008_R000","T0016_S008",16,8,0,5966862844268103181,"INVALID","EC_POPULATION_ZERO;INVALID_DENOMINATOR","","",9841
"T0016_S009_R000","T0016_S009",16,9,0,5966862844268103181,"INVALID","EC_POPULATION_ZERO;INVALID_DENOMINATOR","","",11449
"T0016_S010_R000","T0016_S010",16,10,0,5966862844268103181,"INVALID","EC_POPULATION_ZERO;INVALID_DENOMINATOR","","",10353
"T0016_S011_R000","T0016_S011",16,11,0,5966862844268103181,"INVALID","EC_POPULATION_ZERO;INVALID_DENOMINATOR","","",10186
"T0016_S012_R000","T0016_S012",16,12,0,5966862844268103181,"INVALID","EC_POPULATION_ZERO;INVALID_DENOMINATOR","","",7347
"T0016_S013_R000","T0016_S013",16,13,0,5966862844268103181,"INVALID","EC_POPULATION_ZERO;INVALID_DENOMINATOR","","",6916
"T0016_S014_R000","T0016_S014",16,14,0,5966862844268103181,"INVALID","EC_POPULATION_ZERO;INVALID_DENOMINATOR","","",8099
"T0016_S015_R000","T0016_S015",16,15,0,5966862844268103181,"INVALID","EC_POPULATION_ZERO;INVALID_DENOMINATOR","","",2580
"T0016_S016_R000","T0016_S016",16,16,0,5966862844268103181,"INVALID","EC_POPULATION_ZERO;INVALID_DENOMINATOR","","",3160
"T0016_S017_R000","T0016_S017",16,17,0,5966862844268103181,"INVALID","EC_POPULATION_ZERO;INVALID_DENOMINATOR","","",2075
"T0016_S018_R000","T0016_S018",16,18,0,5966862844268103181,"INVALID","EC_POPULATION_ZERO;INVALID_DENOMINATOR","","",2032
"T0016_S019_R000","T0016_S019",16,19,0,5966862844268103181,"INVALID","EC_POPULATION_ZERO;INVALID_DENOMINATOR","","",1929
"T0016_S020_R000","T0016_S020",16,20,0,5966862844268103181,"INVALID","EC_POPULATION_ZERO;INVALID_DENOMINATOR","","",2162
"T0016_S021_R000","T0016_S021",16,21,0,5966862844268103181,"INVALID","EC_POPULATION_ZERO;INVALID_DENOMINATOR","","",1665
"T0016_S022_R000","T0016_S022",16,22,0,5966862844268103181,"INVALID","EC_POPULATION_ZERO;INVALID_DENOMINATOR","","",7329
"T0016_S023_R000","T0016_S023",16,23,0,5966862844268103181,"INVALID","EC_POPULATION_ZERO;INVALID_DENOMINATOR","","",7342
"T0016_S024_R000","T0016_S024",16,24,0,5966862844268103181,"INVALID","EC_POPULATION_ZERO;INVALID_DENOMINATOR","","",4561
"T0016_S025_R000","T0016_S025",16,25,0,5966862844268103181,"INVALID","EC_POPULATION_ZERO;INVALID_DENOMINATOR","","",5569
"T0016_S026_R000","T0016_S026",16,26,0,5966862844268103181,"INVALID","EC_POPULATION_ZERO;INVALID_DENOMINATOR","","",7556
"T0016_S027_R000","T0016_S027",16,27,0,5966862844268103181,"INVALID","EC_POPULATION_ZERO;INVALID_DENOMINATOR","","",10431
"T0016_S028_R000","T0016_S028",16,28,0,5966862844268103181,"INVALID","EC_POPULATION_ZERO;INVALID_DENOMINATOR","","",3081
"T0016_S037_R000","T0016_S037",16,37,0,5966862844268103181,"EXTINCT","TUMOR_EXTINCT;INVALID_DENOMINATOR","","",2084
"T0016_S038_R000","T0016_S038",16,38,0,5966862844268103181,"EXTINCT","TUMOR_EXTINCT;INVALID_DENOMINATOR","","",2205
"T0016_S042_R000","T0016_S042",16,42,0,5966862844268103181,"EXTINCT","TUMOR_EXTINCT;INVALID_DENOMINATOR","","",1617
"T0016_S044_R000","T0016_S044",16,44,0,5966862844268103181,"EXTINCT","TUMOR_EXTINCT;INVALID_DENOMINATOR","","",1582
"T0017_S001_R000","T0017_S001",17,1,0,-2867168268142733702,"EXTINCT","TUMOR_EXTINCT;INVALID_DENOMINATOR","","",1826
"T0017_S002_R000","T0017_S002",17,2,0,-2867168268142733702,"EXTINCT","TUMOR_EXTINCT;INVALID_DENOMINATOR","","",1855
"T0017_S003_R000","T0017_S003",17,3,0,-2867168268142733702,"INVALID","MACROPHAGE_POPULATION_ZERO;INVALID_DENOMINATOR","","",4036
"T0017_S005_R000","T0017_S005",17,5,0,-2867168268142733702,"INVALID","EC_POPULATION_ZERO;INVALID_DENOMINATOR","","",3702
"T0017_S006_R000","T0017_S006",17,6,0,-2867168268142733702,"INVALID","EC_POPULATION_ZERO;INVALID_DENOMINATOR","","",5197
"T0017_S007_R000","T0017_S007",17,7,0,-2867168268142733702,"INVALID","EC_POPULATION_ZERO;MACROPHAGE_POPULATION_ZERO;INVALID_DENOMINATOR","","",4714
"T0017_S013_R000","T0017_S013",17,13,0,-2867168268142733702,"INVALID","EC_POPULATION_ZERO;INVALID_DENOMINATOR","","",30493
"T0017_S014_R000","T0017_S014",17,14,0,-2867168268142733702,"INVALID","EC_POPULATION_ZERO;INVALID_DENOMINATOR","","",33279
"T0017_S015_R000","T0017_S015",17,15,0,-2867168268142733702,"INVALID","EC_POPULATION_ZERO;INVALID_DENOMINATOR","","",34519
"T0017_S016_R000","T0017_S016",17,16,0,-2867168268142733702,"INVALID","EC_POPULATION_ZERO;INVALID_DENOMINATOR","","",35566
"T0017_S017_R000","T0017_S017",17,17,0,-2867168268142733702,"INVALID","EC_POPULATION_ZERO;INVALID_DENOMINATOR","","",28137
"T0017_S020_R000","T0017_S020",17,20,0,-2867168268142733702,"INVALID","EC_POPULATION_ZERO;INVALID_DENOMINATOR","","",57043
"T0017_S021_R000","T0017_S021",17,21,0,-2867168268142733702,"INVALID","EC_POPULATION_ZERO;INVALID_DENOMINATOR","","",35031
"T0017_S023_R000","T0017_S023",17,23,0,-2867168268142733702,"INVALID","EC_POPULATION_ZERO;INVALID_DENOMINATOR","","",61097
"T0017_S024_R000","T0017_S024",17,24,0,-2867168268142733702,"INVALID","EC_POPULATION_ZERO;INVALID_DENOMINATOR","","",65193
"T0017_S025_R000","T0017_S025",17,25,0,-2867168268142733702,"INVALID","EC_POPULATION_ZERO;INVALID_DENOMINATOR","","",64131
"T0018_S001_R000","T0018_S001",18,1,0,-8071491220718907036,"INVALID","MACROPHAGE_POPULATION_ZERO;INVALID_DENOMINATOR","","",14345
"T0018_S005_R000","T0018_S005",18,5,0,-8071491220718907036,"INVALID","MACROPHAGE_POPULATION_ZERO;INVALID_DENOMINATOR","","",18329
"T0018_S007_R000","T0018_S007",18,7,0,-8071491220718907036,"INVALID","MACROPHAGE_POPULATION_ZERO;INVALID_DENOMINATOR","","",18669
"T0018_S011_R000","T0018_S011",18,11,0,-8071491220718907036,"INVALID","MACROPHAGE_POPULATION_ZERO;INVALID_DENOMINATOR","","",3551
"T0018_S014_R000","T0018_S014",18,14,0,-8071491220718907036,"INVALID","MACROPHAGE_POPULATION_ZERO;INVALID_DENOMINATOR","","",21658
"T0018_S016_R000","T0018_S016",18,16,0,-8071491220718907036,"INVALID","MACROPHAGE_POPULATION_ZERO;INVALID_DENOMINATOR","","",23440
"T0018_S036_R000","T0018_S036",18,36,0,-8071491220718907036,"EXTINCT","TUMOR_EXTINCT;EC_POPULATION_ZERO;INVALID_DENOMINATOR","","",2653
"T0018_S037_R000","T0018_S037",18,37,0,-8071491220718907036,"EXTINCT","TUMOR_EXTINCT;EC_POPULATION_ZERO;INVALID_DENOMINATOR","","",2733
"T0018_S043_R000","T0018_S043",18,43,0,-8071491220718907036,"INVALID","EC_POPULATION_ZERO;INVALID_DENOMINATOR","","",1629
"T0019_S000_R000","T0019_S000",19,0,0,-1764846581473680265,"EXTINCT","TUMOR_EXTINCT;EC_POPULATION_ZERO;INVALID_DENOMINATOR","","",1497
"T0019_S001_R000","T0019_S001",19,1,0,-1764846581473680265,"INVALID","EC_POPULATION_ZERO;INVALID_DENOMINATOR","","",780
"T0019_S003_R000","T0019_S003",19,3,0,-1764846581473680265,"INVALID","EC_POPULATION_ZERO;INVALID_DENOMINATOR","","",3798
"T0019_S004_R000","T0019_S004",19,4,0,-1764846581473680265,"INVALID","EC_POPULATION_ZERO;INVALID_DENOMINATOR","","",4479
"T0019_S005_R000","T0019_S005",19,5,0,-1764846581473680265,"INVALID","EC_POPULATION_ZERO;INVALID_DENOMINATOR","","",5392
"T0019_S006_R000","T0019_S006",19,6,0,-1764846581473680265,"INVALID","EC_POPULATION_ZERO;INVALID_DENOMINATOR","","",4881
"T0019_S007_R000","T0019_S007",19,7,0,-1764846581473680265,"INVALID","EC_POPULATION_ZERO;INVALID_DENOMINATOR","","",13742
"T0019_S008_R000","T0019_S008",19,8,0,-1764846581473680265,"INVALID","EC_POPULATION_ZERO;INVALID_DENOMINATOR","","",10957
"T0019_S009_R000","T0019_S009",19,9,0,-1764846581473680265,"INVALID","EC_POPULATION_ZERO;INVALID_DENOMINATOR","","",18124
"T0019_S010_R000","T0019_S010",19,10,0,-1764846581473680265,"INVALID","EC_POPULATION_ZERO;INVALID_DENOMINATOR","","",11044
"T0019_S011_R000","T0019_S011",19,11,0,-1764846581473680265,"INVALID","EC_POPULATION_ZERO;INVALID_DENOMINATOR","","",16130
"T0019_S012_R000","T0019_S012",19,12,0,-1764846581473680265,"INVALID","EC_POPULATION_ZERO;INVALID_DENOMINATOR","","",8599
"T0019_S013_R000","T0019_S013",19,13,0,-1764846581473680265,"INVALID","EC_POPULATION_ZERO;INVALID_DENOMINATOR","","",3443
"T0019_S019_R000","T0019_S019",19,19,0,-1764846581473680265,"INVALID","EC_POPULATION_ZERO;INVALID_DENOMINATOR","","",3595
"T0019_S020_R000","T0019_S020",19,20,0,-1764846581473680265,"INVALID","EC_POPULATION_ZERO;INVALID_DENOMINATOR","","",3872
"T0019_S021_R000","T0019_S021",19,21,0,-1764846581473680265,"INVALID","EC_POPULATION_ZERO;INVALID_DENOMINATOR","","",4116
"T0019_S022_R000","T0019_S022",19,22,0,-1764846581473680265,"INVALID","EC_POPULATION_ZERO;INVALID_DENOMINATOR","","",2503
"T0019_S023_R000","T0019_S023",19,23,0,-1764846581473680265,"INVALID","EC_POPULATION_ZERO;INVALID_DENOMINATOR","","",2922
"T0019_S024_R000","T0019_S024",19,24,0,-1764846581473680265,"INVALID","EC_POPULATION_ZERO;INVALID_DENOMINATOR","","",3542
"T0019_S025_R000","T0019_S025",19,25,0,-1764846581473680265,"INVALID","EC_POPULATION_ZERO;INVALID_DENOMINATOR","","",4070
"T0019_S026_R000","T0019_S026",19,26,0,-1764846581473680265,"INVALID","EC_POPULATION_ZERO;INVALID_DENOMINATOR","","",4431
"T0019_S027_R000","T0019_S027",19,27,0,-1764846581473680265,"INVALID","EC_POPULATION_ZERO;INVALID_DENOMINATOR","","",4014
"T0019_S028_R000","T0019_S028",19,28,0,-1764846581473680265,"INVALID","EC_POPULATION_ZERO;INVALID_DENOMINATOR","","",3821
"T0019_S029_R000","T0019_S029",19,29,0,-1764846581473680265,"INVALID","EC_POPULATION_ZERO;INVALID_DENOMINATOR","","",3590
"T0019_S030_R000","T0019_S030",19,30,0,-1764846581473680265,"INVALID","EC_POPULATION_ZERO;INVALID_DENOMINATOR","","",3804
"T0019_S031_R000","T0019_S031",19,31,0,-1764846581473680265,"INVALID","EC_POPULATION_ZERO;INVALID_DENOMINATOR","","",3780
"T0019_S032_R000","T0019_S032",19,32,0,-1764846581473680265,"INVALID","EC_POPULATION_ZERO;INVALID_DENOMINATOR","","",4134
"T0019_S033_R000","T0019_S033",19,33,0,-1764846581473680265,"INVALID","EC_POPULATION_ZERO;INVALID_DENOMINATOR","","",4123
"T0019_S034_R000","T0019_S034",19,34,0,-1764846581473680265,"INVALID","EC_POPULATION_ZERO;INVALID_DENOMINATOR","","",4126
"T0019_S035_R000","T0019_S035",19,35,0,-1764846581473680265,"INVALID","EC_POPULATION_ZERO;INVALID_DENOMINATOR","","",5430
"T0019_S036_R000","T0019_S036",19,36,0,-1764846581473680265,"INVALID","EC_POPULATION_ZERO;INVALID_DENOMINATOR","","",5427
"T0019_S037_R000","T0019_S037",19,37,0,-1764846581473680265,"INVALID","EC_POPULATION_ZERO;INVALID_DENOMINATOR","","",2912
"T0019_S038_R000","T0019_S038",19,38,0,-1764846581473680265,"INVALID","EC_POPULATION_ZERO;INVALID_DENOMINATOR","","",2260
"T0019_S039_R000","T0019_S039",19,39,0,-1764846581473680265,"INVALID","EC_POPULATION_ZERO;INVALID_DENOMINATOR","","",1978
"T0019_S040_R000","T0019_S040",19,40,0,-1764846581473680265,"INVALID","EC_POPULATION_ZERO;INVALID_DENOMINATOR","","",4325
"T0019_S041_R000","T0019_S041",19,41,0,-1764846581473680265,"INVALID","EC_POPULATION_ZERO;INVALID_DENOMINATOR","","",4228
"T0019_S042_R000","T0019_S042",19,42,0,-1764846581473680265,"INVALID","EC_POPULATION_ZERO;INVALID_DENOMINATOR","","",10098
"T0019_S043_R000","T0019_S043",19,43,0,-1764846581473680265,"INVALID","EC_POPULATION_ZERO;INVALID_DENOMINATOR","","",13435
"T0019_S044_R000","T0019_S044",19,44,0,-1764846581473680265,"INVALID","EC_POPULATION_ZERO;INVALID_DENOMINATOR","","",12958
"T0019_S045_R000","T0019_S045",19,45,0,-1764846581473680265,"INVALID","EC_POPULATION_ZERO;INVALID_DENOMINATOR","","",11812
